age,workclass,fnlwgt,education,education_num,marital_status,occupation,relationship,race,sex,capital_gain,capital_loss,hours_per_week,native_country,income
65,Government,345325,Masters,9,Single,Admin,Wife,Asian,Female,9821,671,32,Canada,<=50K
37,Private,185858,Masters,1,Single,Exec,Not-in-family,Black,Male,9186,777,53,Mexico,<=50K
54,Government,235758,Some-college,13,Single,Exec,Not-in-family,Asian,Female,4798,4927,59,Canada,>50K
62,Government,133711,PhD,6,Divorced,Tech,Own-child,Black,Male,6605,2279,69,United-States,<=50K
35,Private,86425,Bachelors,1,Married,Admin,Not-in-family,Asian,Male,2986,3022,62,Mexico,<=50K
34,Private,433502,PhD,3,Married,Sales,Husband,Other,Male,400,1860,4,Mexico,<=50K
26,Government,25994,PhD,11,Married,Exec,Husband,Other,Male,2855,3139,18,Mexico,<=50K
31,Self-emp,121915,Masters,6,Married,Exec,Husband,White,Female,3412,1074,56,Mexico,<=50K
66,Government,395105,PhD,3,Married,Tech,Not-in-family,Asian,Female,56,1716,24,United-States,<=50K
46,Government,493414,HS-grad,8,Married,Service,Wife,Black,Female,8022,1283,66,Mexico,<=50K
48,Government,114672,Masters,5,Married,Sales,Wife,Black,Female,1875,4686,13,India,<=50K
21,Government,298783,HS-grad,2,Married,Admin,Wife,Asian,Male,4543,1986,62,United-States,<=50K
35,Private,289349,Bachelors,4,Divorced,Exec,Wife,Black,Female,4298,2633,54,India,<=50K
37,Government,328821,Masters,9,Married,Exec,Husband,Other,Male,3768,1001,15,Mexico,<=50K
64,Self-emp,42930,Bachelors,4,Divorced,Sales,Husband,Black,Female,5752,1046,69,Canada,<=50K
60,Private,83313,Masters,10,Single,Service,Own-child,White,Female,4833,2176,3,India,<=50K
61,Self-emp,234923,Some-college,10,Married,Exec,Not-in-family,Other,Female,1353,2338,37,Mexico,<=50K
26,Self-emp,123153,PhD,8,Single,Sales,Not-in-family,Other,Male,4987,1855,37,India,<=50K
30,Self-emp,495725,Some-college,5,Single,Tech,Wife,Other,Male,6597,500,3,Mexico,<=50K
32,Self-emp,290460,Bachelors,11,Single,Service,Husband,Asian,Male,4311,2233,63,Mexico,<=50K
44,Private,430520,PhD,11,Divorced,Admin,Wife,Asian,Male,2934,4574,35,Mexico,<=50K
32,Private,242911,Masters,10,Single,Exec,Own-child,Other,Female,22,2539,52,Canada,<=50K
45,Self-emp,106058,PhD,13,Single,Sales,Not-in-family,Asian,Male,1209,4608,28,India,<=50K
54,Self-emp,97876,HS-grad,13,Single,Tech,Not-in-family,Black,Male,8940,3714,18,United-States,<=50K
36,Private,95366,PhD,14,Married,Admin,Wife,Asian,Female,804,2332,36,United-States,<=50K
43,Private,23403,HS-grad,15,Married,Sales,Own-child,Asian,Female,8325,600,33,United-States,<=50K
69,Private,352196,PhD,1,Divorced,Sales,Not-in-family,Other,Male,4416,4284,64,United-States,<=50K
43,Government,258550,HS-grad,7,Divorced,Admin,Own-child,White,Female,8625,988,26,Mexico,<=50K
42,Government,271420,Bachelors,3,Married,Tech,Own-child,White,Male,5141,1881,48,India,<=50K
43,Government,487843,Some-college,10,Divorced,Tech,Wife,White,Female,4968,4483,40,India,<=50K
43,Self-emp,345639,Masters,8,Married,Service,Husband,Black,Male,3671,1754,17,Canada,<=50K
63,Government,173004,PhD,14,Single,Exec,Wife,Asian,Male,7292,2464,40,India,<=50K
45,Self-emp,368234,Some-college,12,Single,Admin,Husband,White,Male,7001,2223,7,India,<=50K
66,Self-emp,308845,Masters,3,Divorced,Admin,Own-child,Other,Male,2098,4482,57,India,<=50K
35,Government,406601,Masters,1,Married,Admin,Husband,White,Male,8444,1494,8,Canada,<=50K
49,Self-emp,262396,HS-grad,5,Married,Tech,Own-child,White,Female,5061,852,56,United-States,<=50K
20,Government,67241,Bachelors,2,Divorced,Exec,Not-in-family,Asian,Male,9321,451,31,India,<=50K
19,Government,151439,Bachelors,11,Married,Service,Not-in-family,Asian,Male,3264,2324,59,Canada,<=50K
50,Private,75030,Some-college,4,Single,Sales,Not-in-family,Asian,Male,5435,1758,58,Canada,<=50K
59,Government,187577,Bachelors,1,Divorced,Sales,Wife,Black,Male,8493,4308,12,Mexico,<=50K
36,Private,174404,PhD,9,Divorced,Admin,Wife,Black,Male,6691,3353,48,Canada,<=50K
34,Government,488394,Bachelors,6,Married,Exec,Own-child,White,Female,2763,4136,31,United-States,<=50K
61,Government,217397,Some-college,8,Divorced,Tech,Not-in-family,Asian,Female,4005,4695,63,India,<=50K
50,Private,438484,Bachelors,11,Married,Exec,Wife,White,Male,3241,3338,74,Canada,>50K
29,Private,489702,PhD,4,Married,Exec,Not-in-family,Other,Female,3057,2588,39,United-States,<=50K
66,Government,428779,HS-grad,9,Married,Tech,Wife,Other,Male,550,1782,76,Canada,<=50K
20,Self-emp,115185,Some-college,2,Married,Admin,Husband,Asian,Female,5574,3520,20,Canada,<=50K
60,Private,46404,HS-grad,9,Married,Exec,Husband,Asian,Female,5411,1779,48,Canada,<=50K
66,Self-emp,65182,HS-grad,12,Divorced,Sales,Not-in-family,Other,Male,1587,3132,71,Canada,>50K
43,Self-emp,305135,HS-grad,5,Single,Tech,Own-child,Asian,Female,5920,3573,54,Canada,<=50K
52,Self-emp,114601,Masters,13,Single,Service,Wife,Black,Female,5260,3218,78,United-States,>50K
25,Private,188735,Masters,6,Divorced,Admin,Wife,Black,Male,4409,3757,75,India,<=50K
69,Self-emp,338030,HS-grad,3,Divorced,Tech,Husband,Asian,Male,5783,4016,71,India,<=50K
53,Private,132002,Some-college,4,Single,Service,Husband,Other,Female,712,2837,29,India,<=50K
24,Self-emp,355992,PhD,6,Single,Service,Own-child,White,Female,5406,2381,74,India,<=50K
63,Government,427343,PhD,7,Single,Exec,Own-child,Asian,Female,7990,4239,73,United-States,<=50K
63,Government,329836,Bachelors,1,Single,Exec,Own-child,Asian,Male,7420,3936,48,Mexico,<=50K
53,Private,235461,Some-college,7,Single,Exec,Not-in-family,White,Female,6843,4428,74,Mexico,<=50K
33,Government,309644,Masters,1,Married,Tech,Husband,Asian,Female,2433,1419,56,United-States,<=50K
41,Government,305929,HS-grad,5,Divorced,Tech,Not-in-family,White,Female,3301,4150,17,United-States,<=50K
18,Self-emp,94146,Bachelors,6,Married,Admin,Husband,Other,Male,270,1330,9,Canada,<=50K
66,Private,492342,PhD,13,Single,Exec,Husband,Black,Male,9986,2917,34,Canada,<=50K
42,Self-emp,498195,Masters,2,Single,Service,Wife,Other,Male,1079,1446,45,Canada,<=50K
27,Self-emp,57997,Masters,15,Single,Sales,Husband,Black,Male,5322,1440,9,India,<=50K
33,Self-emp,17170,HS-grad,15,Married,Admin,Husband,White,Female,8795,3744,7,Canada,<=50K
33,Self-emp,154375,PhD,13,Married,Tech,Not-in-family,Black,Male,5257,2844,16,Mexico,<=50K
25,Self-emp,343887,Some-college,10,Single,Admin,Husband,Other,Female,7982,4175,19,India,<=50K
46,Self-emp,481068,Masters,9,Married,Admin,Not-in-family,Black,Female,9777,864,6,Canada,<=50K
56,Self-emp,45187,HS-grad,14,Married,Admin,Own-child,White,Female,6214,471,11,India,<=50K
45,Private,206106,Some-college,10,Single,Admin,Husband,Black,Female,5006,1502,76,Mexico,<=50K
23,Government,474992,PhD,6,Married,Sales,Husband,Asian,Male,3985,4684,61,Canada,<=50K
33,Self-emp,142965,Masters,7,Divorced,Exec,Not-in-family,Other,Male,9587,1410,42,Mexico,<=50K
37,Self-emp,154825,Some-college,14,Divorced,Service,Own-child,Asian,Male,8791,3770,13,Mexico,<=50K
33,Self-emp,48090,Some-college,15,Divorced,Admin,Wife,White,Male,8705,1905,12,Mexico,<=50K
24,Self-emp,468138,Some-college,10,Divorced,Admin,Own-child,Black,Male,5991,4659,74,Canada,<=50K
58,Self-emp,479984,Masters,15,Single,Admin,Not-in-family,Asian,Female,6227,4001,20,United-States,<=50K
31,Self-emp,331556,Masters,8,Single,Exec,Own-child,Asian,Male,9258,3504,50,Canada,<=50K
60,Government,263478,Bachelors,11,Single,Tech,Not-in-family,Black,Male,7833,3483,36,Mexico,<=50K
43,Government,328174,PhD,15,Divorced,Tech,Not-in-family,Black,Male,2886,4562,69,Canada,>50K
43,Self-emp,27509,HS-grad,13,Divorced,Sales,Wife,Other,Male,2653,598,37,Mexico,<=50K
31,Government,78653,Some-college,10,Married,Tech,Husband,Asian,Female,9280,991,12,United-States,<=50K
24,Private,178001,Bachelors,1,Married,Admin,Not-in-family,Asian,Female,4864,1932,40,India,<=50K
50,Self-emp,401770,HS-grad,14,Divorced,Admin,Not-in-family,White,Female,2514,2784,54,United-States,>50K
43,Private,451507,Bachelors,8,Divorced,Admin,Wife,Other,Female,3969,3041,2,United-States,<=50K
62,Private,276186,Masters,4,Divorced,Sales,Not-in-family,White,Female,3284,66,50,India,<=50K
37,Self-emp,203646,Some-college,10,Divorced,Admin,Husband,Asian,Male,7740,3398,41,Canada,<=50K
20,Government,309345,HS-grad,8,Married,Tech,Wife,White,Female,4566,2750,45,India,<=50K
69,Private,233354,HS-grad,13,Divorced,Exec,Husband,Asian,Female,2196,469,9,Canada,<=50K
21,Self-emp,24016,HS-grad,15,Married,Exec,Husband,Asian,Female,789,1724,62,Canada,<=50K
43,Private,297166,HS-grad,6,Divorced,Service,Wife,White,Male,3475,3985,47,Mexico,<=50K
28,Private,242034,HS-grad,11,Divorced,Tech,Not-in-family,White,Male,9856,1631,5,Mexico,<=50K
19,Private,37938,Bachelors,9,Divorced,Admin,Husband,Black,Female,1309,774,76,India,<=50K
31,Private,184750,Some-college,11,Married,Exec,Husband,Black,Male,864,3012,1,United-States,<=50K
61,Government,390315,Masters,4,Married,Tech,Husband,Black,Male,5389,2503,44,India,<=50K
47,Private,270710,Masters,2,Single,Exec,Husband,Asian,Female,3363,1486,22,Canada,<=50K
66,Private,242320,Masters,14,Divorced,Admin,Wife,White,Male,8215,4019,38,Mexico,<=50K
29,Private,333864,Masters,2,Single,Exec,Wife,Other,Male,3003,4227,19,India,<=50K
43,Government,377658,Bachelors,5,Single,Service,Own-child,Asian,Male,8502,929,31,India,<=50K
61,Private,197877,PhD,10,Married,Service,Own-child,Other,Female,1231,3012,67,Mexico,<=50K
50,Private,477539,Some-college,9,Married,Exec,Husband,White,Female,7959,1505,42,Mexico,<=50K
30,Government,143058,HS-grad,12,Single,Tech,Not-in-family,Asian,Female,2711,4729,26,Mexico,<=50K
31,Government,86478,PhD,3,Divorced,Tech,Husband,Other,Male,6581,2944,13,Canada,<=50K
41,Government,486210,Masters,8,Married,Tech,Not-in-family,Other,Female,7705,2819,58,Mexico,<=50K
51,Private,415377,PhD,4,Divorced,Exec,Husband,Black,Male,421,1184,18,United-States,<=50K
61,Government,423905,Some-college,6,Divorced,Tech,Own-child,Black,Male,9965,288,67,India,<=50K
43,Government,137101,HS-grad,10,Single,Admin,Own-child,Black,Male,946,1811,3,Mexico,<=50K
38,Private,366843,HS-grad,6,Single,Service,Not-in-family,Asian,Female,9378,527,55,Mexico,<=50K
45,Government,201996,Some-college,3,Single,Admin,Husband,White,Female,1834,916,58,Canada,<=50K
65,Private,371417,Some-college,14,Single,Tech,Not-in-family,White,Female,1564,1708,63,Canada,>50K
53,Self-emp,215380,Masters,5,Married,Admin,Own-child,Black,Female,7332,3574,52,India,<=50K
57,Government,242200,HS-grad,12,Married,Tech,Husband,Black,Male,4944,3319,24,United-States,<=50K
19,Self-emp,73745,PhD,3,Single,Exec,Husband,Black,Female,1308,1406,72,India,<=50K
59,Private,142283,Bachelors,11,Married,Admin,Not-in-family,Other,Male,2986,1241,9,Mexico,<=50K
26,Government,403445,Bachelors,15,Single,Exec,Wife,Black,Female,386,3133,37,United-States,<=50K
40,Private,391116,Some-college,11,Divorced,Exec,Not-in-family,Other,Female,6131,798,53,United-States,<=50K
32,Self-emp,451758,Masters,15,Divorced,Sales,Own-child,White,Female,9353,1523,24,United-States,<=50K
30,Private,417561,Bachelors,1,Divorced,Tech,Own-child,Asian,Male,3258,4107,21,United-States,<=50K
40,Government,111489,HS-grad,7,Single,Service,Own-child,Asian,Male,6121,4928,40,India,<=50K
34,Government,41819,Some-college,4,Divorced,Tech,Own-child,Asian,Male,4811,2888,62,Canada,<=50K
65,Self-emp,57779,PhD,14,Married,Service,Own-child,Asian,Male,6574,2690,70,Canada,>50K
19,Private,223493,Some-college,7,Divorced,Tech,Wife,Other,Male,6697,4091,69,Mexico,<=50K
37,Government,364388,PhD,3,Divorced,Exec,Husband,Other,Female,3933,1241,14,Canada,<=50K
37,Self-emp,75584,Some-college,12,Divorced,Admin,Not-in-family,Black,Male,1439,690,42,Canada,<=50K
63,Government,423166,Some-college,15,Married,Admin,Not-in-family,Other,Male,6169,527,50,Canada,>50K
20,Government,156245,Some-college,15,Single,Sales,Own-child,Black,Male,4480,1495,61,Canada,<=50K
29,Private,258815,PhD,11,Married,Service,Not-in-family,Black,Male,55,3825,4,Mexico,<=50K
57,Government,330176,PhD,5,Single,Service,Own-child,Asian,Female,3324,2893,72,India,<=50K
19,Private,387218,Some-college,5,Single,Service,Wife,Other,Male,6777,892,75,United-States,<=50K
53,Government,371417,Bachelors,15,Divorced,Exec,Wife,Other,Female,105,386,17,Canada,<=50K
31,Self-emp,300180,Masters,13,Single,Service,Husband,Black,Female,3201,1249,57,India,<=50K
33,Government,264957,Masters,2,Married,Admin,Wife,Black,Female,669,2528,48,Canada,<=50K
36,Private,81356,Masters,11,Married,Exec,Wife,White,Male,8934,4503,44,Canada,<=50K
51,Private,155364,PhD,10,Single,Tech,Husband,White,Female,966,3528,45,United-States,<=50K
61,Self-emp,13052,PhD,12,Divorced,Service,Not-in-family,Black,Male,307,897,33,United-States,<=50K
63,Government,316521,Bachelors,2,Divorced,Service,Own-child,White,Male,2138,710,31,United-States,<=50K
23,Government,492533,Masters,4,Married,Tech,Own-child,White,Male,109,3695,47,Canada,<=50K
30,Self-emp,208910,Masters,15,Divorced,Service,Not-in-family,Black,Male,3632,2686,6,Canada,<=50K
53,Government,339963,Some-college,4,Single,Tech,Husband,Black,Male,6728,4512,72,Canada,<=50K
39,Government,385833,PhD,4,Single,Exec,Not-in-family,Other,Female,5684,415,71,United-States,<=50K
35,Private,156692,Masters,6,Married,Admin,Wife,Black,Female,6499,1471,34,Mexico,<=50K
29,Government,40461,Bachelors,2,Single,Tech,Husband,Black,Male,1915,4180,53,India,<=50K
69,Government,292894,Bachelors,6,Married,Sales,Husband,Asian,Female,556,4262,14,Mexico,<=50K
47,Self-emp,491935,Masters,7,Single,Tech,Husband,Other,Male,7619,2431,16,Canada,<=50K
68,Self-emp,19472,PhD,11,Married,Service,Own-child,Other,Female,104,2515,43,Canada,>50K
57,Private,341407,Bachelors,10,Divorced,Exec,Not-in-family,Other,Female,2047,1095,73,Mexico,<=50K
24,Government,122036,Some-college,3,Single,Exec,Husband,Asian,Female,145,809,74,Canada,<=50K
49,Government,198674,Bachelors,11,Single,Tech,Husband,Black,Female,873,3044,12,India,<=50K
65,Government,297667,HS-grad,12,Married,Admin,Husband,Other,Female,298,992,70,Canada,>50K
36,Private,171838,HS-grad,8,Married,Sales,Not-in-family,Other,Male,3238,1281,19,India,<=50K
23,Private,375406,PhD,2,Single,Exec,Own-child,White,Male,8837,4370,41,Mexico,<=50K
37,Self-emp,76060,Masters,11,Married,Service,Wife,Other,Female,6382,1773,53,Mexico,<=50K
44,Private,281223,PhD,8,Single,Service,Own-child,Black,Male,2511,3561,29,Canada,<=50K
60,Government,149471,PhD,13,Divorced,Admin,Husband,Black,Female,6596,3816,70,India,>50K
54,Government,332870,PhD,11,Married,Exec,Own-child,White,Male,783,1756,59,Canada,>50K
65,Private,365050,PhD,5,Single,Tech,Own-child,Other,Female,4992,2373,64,United-States,<=50K
24,Government,288676,Some-college,2,Divorced,Service,Wife,Other,Female,370,2576,24,United-States,<=50K
22,Government,394833,Some-college,7,Divorced,Admin,Not-in-family,Other,Female,486,891,16,United-States,<=50K
28,Private,485573,Bachelors,14,Single,Exec,Not-in-family,Asian,Male,7378,4184,52,United-States,<=50K
32,Private,53162,HS-grad,2,Married,Exec,Own-child,Other,Male,3196,707,6,Canada,<=50K
20,Government,406965,PhD,14,Single,Exec,Own-child,Black,Female,9552,2397,37,United-States,<=50K
22,Government,283497,Bachelors,6,Divorced,Exec,Not-in-family,Black,Female,4287,4482,4,India,<=50K
40,Government,122313,HS-grad,10,Single,Exec,Not-in-family,Asian,Male,2261,2134,38,Mexico,<=50K
54,Self-emp,38477,Masters,3,Married,Service,Wife,Asian,Male,9148,2354,41,Mexico,<=50K
26,Self-emp,165642,Some-college,9,Divorced,Admin,Husband,Other,Male,8572,4535,14,United-States,<=50K
32,Self-emp,96373,HS-grad,3,Single,Exec,Own-child,White,Male,238,976,71,United-States,<=50K
20,Private,414653,Masters,11,Married,Sales,Not-in-family,Asian,Male,6843,734,51,United-States,<=50K
46,Self-emp,179176,HS-grad,15,Divorced,Sales,Own-child,Asian,Female,1105,2468,65,Canada,>50K
23,Private,204442,Some-college,12,Married,Admin,Own-child,Other,Male,1386,2540,52,Mexico,<=50K
34,Private,14551,Some-college,12,Divorced,Tech,Not-in-family,Other,Female,9719,632,30,United-States,<=50K
43,Self-emp,78359,Bachelors,3,Single,Tech,Wife,Asian,Female,1667,4268,57,India,<=50K
38,Self-emp,458096,PhD,5,Married,Tech,Own-child,White,Male,2691,4099,79,United-States,<=50K
25,Self-emp,153988,HS-grad,7,Divorced,Sales,Wife,Asian,Male,7756,2901,30,Mexico,<=50K
38,Government,136150,HS-grad,14,Married,Tech,Not-in-family,Other,Female,1996,1663,42,United-States,<=50K
28,Self-emp,483919,Masters,8,Married,Service,Husband,Other,Male,1425,2015,11,Mexico,<=50K
55,Government,182517,Some-college,12,Single,Exec,Husband,Asian,Female,8023,3181,27,United-States,<=50K
25,Private,319780,HS-grad,11,Married,Sales,Own-child,White,Male,6849,4063,24,India,<=50K
59,Government,477143,Some-college,7,Divorced,Admin,Not-in-family,Asian,Male,3247,2630,39,United-States,<=50K
41,Self-emp,481410,HS-grad,9,Divorced,Admin,Wife,Asian,Male,2592,3872,72,India,<=50K
52,Private,301829,Bachelors,5,Divorced,Exec,Own-child,Other,Female,1490,1054,18,India,<=50K
31,Private,323278,PhD,10,Divorced,Sales,Not-in-family,White,Male,1224,380,77,United-States,<=50K
31,Private,361060,HS-grad,11,Single,Tech,Not-in-family,Black,Female,2587,3082,45,India,<=50K
27,Government,117967,Some-college,15,Married,Tech,Wife,White,Male,7714,2391,12,Canada,<=50K
29,Self-emp,104455,Bachelors,3,Single,Service,Own-child,Asian,Female,3064,1592,49,United-States,<=50K
55,Private,268835,HS-grad,6,Married,Service,Not-in-family,Asian,Male,7804,4261,31,United-States,<=50K
61,Private,471063,Masters,5,Married,Tech,Not-in-family,Asian,Female,832,2747,22,India,<=50K
63,Private,443209,PhD,12,Married,Admin,Not-in-family,White,Female,2440,2389,44,India,>50K
51,Government,185405,HS-grad,4,Single,Admin,Wife,Other,Female,4795,3553,64,United-States,<=50K
58,Government,249646,Bachelors,12,Married,Service,Own-child,Asian,Female,1646,3027,77,Canada,>50K
27,Self-emp,199937,Masters,2,Single,Exec,Own-child,Asian,Female,440,1207,25,India,<=50K
34,Government,482312,Bachelors,7,Divorced,Tech,Own-child,White,Female,5956,3853,51,India,<=50K
34,Private,321900,Bachelors,13,Divorced,Service,Own-child,Black,Male,9721,544,7,Mexico,<=50K
20,Self-emp,395007,Masters,5,Married,Service,Husband,Black,Female,2367,3081,6,Canada,<=50K
48,Private,71192,Bachelors,4,Single,Tech,Husband,Other,Female,6696,3663,24,Canada,<=50K
68,Private,201758,Masters,12,Divorced,Tech,Own-child,Other,Female,5190,2239,19,United-States,<=50K
18,Government,320877,HS-grad,14,Single,Admin,Wife,Asian,Male,4663,2367,9,Canada,<=50K
29,Self-emp,245161,Masters,8,Single,Exec,Husband,White,Male,7062,3773,36,United-States,<=50K
56,Government,298137,Masters,9,Married,Exec,Not-in-family,Asian,Male,4331,2627,40,Mexico,<=50K
21,Government,171564,PhD,9,Divorced,Tech,Husband,Other,Female,9496,3931,24,Canada,<=50K
59,Self-emp,162053,Masters,3,Married,Sales,Not-in-family,White,Male,3034,2474,48,India,<=50K
30,Private,296287,Masters,3,Married,Service,Own-child,White,Male,9377,3130,63,Mexico,<=50K
51,Private,480819,HS-grad,5,Divorced,Service,Husband,Other,Female,3262,3507,69,United-States,<=50K
59,Self-emp,492668,PhD,5,Divorced,Tech,Wife,Black,Female,2107,96,53,Mexico,<=50K
38,Private,201349,Some-college,10,Single,Sales,Husband,Black,Male,7036,3858,54,United-States,<=50K
39,Self-emp,117044,HS-grad,2,Divorced,Admin,Husband,White,Female,4320,2708,42,Mexico,<=50K
21,Self-emp,191062,HS-grad,1,Single,Tech,Husband,Asian,Female,5938,3336,45,United-States,<=50K
35,Government,138406,Some-college,8,Single,Tech,Own-child,Black,Female,2747,456,14,Canada,<=50K
22,Self-emp,466104,Masters,3,Single,Service,Wife,Asian,Female,4677,4368,29,India,<=50K
36,Government,79351,Bachelors,1,Divorced,Tech,Husband,Black,Male,7972,2987,6,United-States,<=50K
19,Private,191071,PhD,1,Married,Tech,Wife,Black,Female,4264,4088,7,Mexico,<=50K
29,Private,244085,Bachelors,11,Single,Tech,Own-child,Asian,Male,3133,3884,37,United-States,<=50K
34,Private,243883,Some-college,15,Married,Service,Not-in-family,Other,Male,1465,1031,53,United-States,<=50K
27,Private,80309,HS-grad,2,Married,Admin,Husband,Black,Male,4109,207,18,United-States,<=50K
51,Government,415662,HS-grad,6,Divorced,Admin,Wife,Black,Male,2211,1937,38,Mexico,<=50K
23,Private,171805,PhD,6,Married,Tech,Wife,Asian,Female,5539,1146,59,India,<=50K
25,Self-emp,129156,HS-grad,14,Married,Service,Own-child,Other,Female,9735,4299,1,Canada,<=50K
68,Self-emp,348144,HS-grad,3,Divorced,Admin,Husband,Black,Female,1689,2564,68,India,<=50K
28,Self-emp,451848,PhD,12,Single,Admin,Not-in-family,Black,Male,9763,442,44,United-States,<=50K
29,Government,31576,PhD,4,Married,Admin,Wife,Other,Male,7727,4784,47,Mexico,<=50K
26,Private,13320,Some-college,12,Divorced,Service,Husband,Black,Male,7764,832,35,India,<=50K
19,Private,151822,HS-grad,13,Married,Service,Not-in-family,Other,Female,4541,1461,60,United-States,<=50K
25,Private,113002,HS-grad,2,Married,Tech,Wife,Other,Male,3541,3516,52,Canada,<=50K
28,Government,194535,Some-college,2,Single,Exec,Wife,Asian,Female,818,1159,8,Canada,<=50K
53,Self-emp,36572,Masters,15,Married,Admin,Not-in-family,White,Female,4521,386,41,Canada,>50K
27,Self-emp,290092,Masters,7,Divorced,Exec,Not-in-family,Other,Female,1124,2041,3,United-States,<=50K
38,Private,126528,Masters,13,Married,Service,Own-child,Asian,Female,5660,2553,69,Mexico,<=50K
37,Self-emp,179898,Some-college,1,Single,Service,Husband,White,Male,5641,1718,14,India,<=50K
65,Self-emp,99051,HS-grad,7,Single,Service,Husband,Black,Female,1129,4775,26,Canada,<=50K
25,Government,300011,Some-college,14,Divorced,Exec,Own-child,White,Male,1702,4050,70,United-States,<=50K
53,Government,201303,Some-college,12,Single,Service,Wife,Other,Female,2001,3409,58,United-States,>50K
46,Government,469478,Masters,14,Married,Tech,Not-in-family,Other,Male,6912,689,40,India,<=50K
59,Government,232428,Bachelors,12,Single,Service,Not-in-family,Other,Male,3878,1169,51,Canada,>50K
29,Private,267412,HS-grad,14,Divorced,Sales,Not-in-family,Other,Female,7232,4988,5,United-States,<=50K
31,Government,213305,Masters,1,Single,Exec,Wife,Other,Female,9998,952,77,India,<=50K
65,Self-emp,316822,Bachelors,14,Single,Sales,Not-in-family,Asian,Female,6331,4879,32,Mexico,<=50K
67,Private,379705,Bachelors,6,Single,Service,Not-in-family,Other,Male,6035,4590,1,Mexico,<=50K
38,Self-emp,285107,PhD,3,Divorced,Tech,Own-child,Asian,Female,6523,3496,77,Mexico,<=50K
39,Self-emp,467576,HS-grad,8,Single,Admin,Wife,Black,Female,8111,3917,54,Canada,<=50K
38,Self-emp,59434,Bachelors,6,Single,Service,Husband,Other,Male,8736,4842,11,India,<=50K
61,Government,76617,Masters,11,Married,Tech,Own-child,Other,Female,2401,2484,53,India,>50K
67,Government,423485,PhD,2,Divorced,Exec,Own-child,White,Male,9481,1854,8,United-States,<=50K
47,Private,127569,HS-grad,8,Single,Sales,Husband,Black,Female,8974,3439,25,United-States,<=50K
56,Private,217384,Some-college,5,Divorced,Sales,Own-child,Other,Male,539,3231,40,United-States,<=50K
37,Government,369496,Masters,8,Single,Sales,Wife,Other,Male,5615,2597,32,India,<=50K
41,Self-emp,351876,Bachelors,8,Single,Exec,Not-in-family,Black,Female,2956,3983,28,United-States,<=50K
40,Private,379792,Bachelors,6,Single,Tech,Wife,Asian,Male,8077,2191,78,India,<=50K
24,Government,91494,Masters,2,Married,Exec,Husband,Other,Female,3722,2635,3,India,<=50K
26,Government,229977,Bachelors,8,Married,Sales,Husband,White,Female,5087,656,79,Mexico,<=50K
18,Government,87225,PhD,15,Married,Service,Own-child,Other,Male,6460,3812,62,United-States,<=50K
43,Self-emp,92867,HS-grad,15,Divorced,Admin,Wife,White,Female,2170,3340,27,Mexico,<=50K
55,Government,178600,PhD,11,Divorced,Exec,Wife,White,Male,3391,3911,45,Canada,>50K
55,Government,265669,Bachelors,6,Married,Exec,Husband,Other,Male,6942,1796,25,Canada,<=50K
61,Government,351116,Some-college,6,Divorced,Tech,Wife,Other,Male,1616,4363,61,Canada,<=50K
39,Government,468818,HS-grad,8,Single,Tech,Husband,White,Male,9108,1762,44,India,<=50K
61,Private,368405,HS-grad,1,Single,Exec,Wife,Black,Male,6458,4472,46,India,<=50K
27,Private,100748,Masters,2,Single,Sales,Wife,Black,Male,2756,3285,14,India,<=50K
23,Government,264265,Masters,12,Married,Admin,Wife,Other,Male,6853,1585,8,United-States,<=50K
34,Self-emp,174404,Some-college,12,Divorced,Tech,Husband,Asian,Male,7709,3563,48,Mexico,<=50K
68,Private,396625,HS-grad,9,Married,Sales,Own-child,Black,Female,1936,2440,14,India,<=50K
67,Government,494153,Some-college,11,Divorced,Service,Wife,Other,Female,3091,4584,65,Mexico,>50K
55,Private,139529,Masters,12,Single,Tech,Husband,Black,Male,968,4817,7,Mexico,<=50K
41,Private,482145,Masters,8,Married,Sales,Husband,Asian,Female,7297,3100,79,Mexico,<=50K
68,Self-emp,472422,HS-grad,12,Divorced,Sales,Wife,Other,Female,3203,3244,49,United-States,>50K
27,Government,494353,PhD,7,Divorced,Admin,Wife,Asian,Female,6499,1040,55,United-States,<=50K
25,Government,274395,Bachelors,7,Single,Admin,Own-child,Other,Female,5173,3127,13,Canada,<=50K
38,Self-emp,448933,Masters,5,Married,Service,Husband,Asian,Female,889,2273,73,Canada,<=50K
23,Self-emp,371252,Masters,2,Married,Sales,Husband,Black,Female,8984,3629,56,Mexico,<=50K
38,Government,168099,PhD,11,Married,Sales,Not-in-family,Black,Male,9173,2114,56,Canada,<=50K
56,Government,107382,PhD,6,Single,Admin,Husband,Asian,Female,7382,1677,15,Mexico,<=50K
41,Self-emp,489767,Some-college,10,Married,Tech,Own-child,Asian,Female,3531,3094,57,United-States,<=50K
50,Private,19583,Some-college,3,Single,Tech,Not-in-family,Asian,Female,801,998,58,United-States,<=50K
35,Private,60387,Bachelors,4,Single,Exec,Not-in-family,Other,Female,8234,2284,35,United-States,<=50K
45,Self-emp,295248,Bachelors,13,Single,Admin,Not-in-family,Black,Male,3349,1589,16,India,<=50K
69,Private,22224,HS-grad,10,Divorced,Exec,Wife,Other,Male,8005,1161,8,Mexico,<=50K
49,Self-emp,332768,Some-college,12,Married,Admin,Wife,Black,Male,9969,2520,45,United-States,>50K
29,Private,459274,Masters,11,Married,Service,Husband,White,Male,3201,3855,40,Mexico,<=50K
65,Private,376464,Some-college,2,Single,Sales,Not-in-family,Other,Female,349,4648,54,Canada,<=50K
59,Government,237444,Masters,14,Single,Service,Own-child,Black,Male,9759,694,14,Canada,<=50K
44,Government,432515,PhD,2,Married,Admin,Wife,Black,Male,9321,4412,59,United-States,<=50K
27,Private,350716,Some-college,12,Single,Sales,Own-child,Other,Male,9972,4863,53,Mexico,<=50K
63,Private,357613,PhD,8,Married,Tech,Own-child,Other,Male,583,3798,27,United-States,<=50K
69,Government,350072,Bachelors,8,Divorced,Tech,Wife,Black,Female,3377,3683,47,Canada,<=50K
59,Government,476690,Bachelors,10,Single,Exec,Wife,Other,Male,6028,1971,6,United-States,<=50K
49,Government,276285,HS-grad,6,Married,Admin,Wife,Asian,Female,7694,1503,55,Mexico,<=50K
59,Self-emp,164422,Some-college,13,Single,Admin,Wife,Other,Male,6196,3249,44,Canada,>50K
43,Private,478298,PhD,5,Married,Tech,Not-in-family,Other,Female,7083,4218,18,India,<=50K
42,Government,343015,Masters,8,Married,Service,Not-in-family,Other,Female,3401,3242,16,Canada,<=50K
28,Private,146149,Bachelors,4,Single,Sales,Not-in-family,Black,Male,3185,1868,12,India,<=50K
40,Self-emp,56015,Bachelors,11,Divorced,Service,Not-in-family,Asian,Male,5285,1671,20,United-States,<=50K
51,Self-emp,474363,Masters,4,Married,Service,Husband,White,Male,9354,1082,45,United-States,<=50K
69,Government,462396,PhD,5,Married,Tech,Not-in-family,White,Male,6772,1728,64,Mexico,<=50K
57,Self-emp,181929,PhD,1,Married,Tech,Wife,Asian,Female,8490,3851,59,India,<=50K
40,Private,242268,Some-college,1,Divorced,Tech,Own-child,Asian,Female,3347,2142,22,United-States,<=50K
46,Government,200912,Some-college,2,Divorced,Exec,Not-in-family,Asian,Male,788,1148,47,India,<=50K
48,Private,332046,HS-grad,14,Single,Service,Husband,Black,Male,4945,253,29,United-States,<=50K
24,Private,15577,Bachelors,8,Divorced,Admin,Wife,White,Female,2889,4102,45,Canada,<=50K
57,Self-emp,292146,Some-college,7,Single,Sales,Own-child,Asian,Male,9569,3542,77,United-States,<=50K
50,Self-emp,60711,PhD,15,Single,Exec,Own-child,Black,Female,5273,2775,9,Mexico,<=50K
38,Self-emp,49451,Masters,15,Divorced,Admin,Not-in-family,White,Male,3272,4637,24,Canada,<=50K
19,Self-emp,190175,PhD,10,Single,Service,Own-child,Other,Female,9069,3333,15,Mexico,<=50K
35,Self-emp,431863,Bachelors,9,Divorced,Tech,Not-in-family,Black,Female,5234,4184,36,Canada,<=50K
64,Government,44831,PhD,5,Single,Service,Not-in-family,White,Female,9769,3279,13,India,<=50K
50,Private,259402,HS-grad,2,Divorced,Sales,Wife,Black,Female,6902,4308,44,Mexico,<=50K
54,Private,241376,Bachelors,7,Divorced,Exec,Wife,White,Female,7612,2881,71,United-States,<=50K
51,Private,368642,Masters,15,Single,Exec,Husband,White,Male,2492,265,72,India,>50K
37,Private,401093,HS-grad,8,Married,Sales,Wife,Other,Female,6745,2340,78,United-States,<=50K
52,Self-emp,254942,Bachelors,12,Single,Admin,Wife,Black,Male,9574,3148,76,Canada,>50K
68,Private,105119,Masters,7,Divorced,Admin,Not-in-family,Asian,Female,4240,3359,36,Canada,<=50K
67,Government,338974,HS-grad,14,Married,Exec,Wife,Other,Female,2322,1004,61,United-States,>50K
35,Government,352776,HS-grad,7,Single,Exec,Not-in-family,Other,Male,5298,2094,40,United-States,<=50K
63,Private,308977,Bachelors,12,Single,Tech,Not-in-family,White,Male,1861,4717,27,India,<=50K
41,Private,253466,Some-college,15,Single,Admin,Wife,Asian,Male,6620,3271,1,United-States,<=50K
25,Government,233936,HS-grad,14,Married,Sales,Husband,Black,Male,4047,4522,34,Mexico,<=50K
47,Government,296542,HS-grad,5,Divorced,Admin,Husband,Asian,Female,7581,209,68,Mexico,<=50K
61,Self-emp,71554,Masters,2,Single,Tech,Own-child,Asian,Male,7320,887,21,United-States,<=50K
27,Government,60755,PhD,6,Single,Exec,Own-child,Asian,Female,1098,153,33,Mexico,<=50K
40,Self-emp,420922,Bachelors,4,Single,Exec,Wife,Asian,Male,5247,3593,7,United-States,<=50K
69,Self-emp,163412,Bachelors,10,Single,Tech,Husband,Asian,Male,1734,414,65,India,<=50K
66,Self-emp,337138,Some-college,2,Single,Sales,Not-in-family,White,Female,4663,3424,3,Mexico,<=50K
28,Self-emp,73884,Some-college,12,Divorced,Exec,Own-child,White,Female,5909,1284,51,Mexico,<=50K
19,Self-emp,356505,Bachelors,9,Divorced,Service,Not-in-family,Other,Male,3416,3148,79,United-States,<=50K
43,Private,27482,Some-college,7,Single,Exec,Own-child,White,Female,6302,768,54,Mexico,<=50K
53,Government,64225,Masters,6,Married,Service,Wife,Other,Female,7593,982,74,Canada,<=50K
50,Self-emp,199921,Bachelors,12,Divorced,Tech,Husband,Other,Female,680,3202,59,India,>50K
64,Government,84854,Some-college,5,Married,Tech,Own-child,Black,Female,8163,4674,6,India,<=50K
30,Government,51256,Bachelors,3,Divorced,Exec,Husband,Asian,Female,2070,3526,29,Mexico,<=50K
57,Self-emp,250617,PhD,12,Single,Admin,Not-in-family,White,Female,6668,2787,17,Mexico,<=50K
42,Private,118721,HS-grad,15,Divorced,Service,Wife,Black,Female,8001,2210,60,Canada,>50K
21,Self-emp,91110,Bachelors,15,Single,Sales,Husband,White,Female,9921,1038,22,Canada,<=50K
59,Private,123606,HS-grad,10,Divorced,Exec,Wife,Other,Male,2191,3932,24,Mexico,<=50K
36,Government,24650,Some-college,10,Single,Sales,Husband,White,Female,8859,541,51,Mexico,<=50K
35,Private,187190,HS-grad,4,Single,Exec,Not-in-family,Asian,Male,9804,358,50,Canada,<=50K
54,Private,38930,Bachelors,3,Single,Admin,Not-in-family,Other,Female,7586,849,11,United-States,<=50K
47,Private,226779,PhD,12,Single,Admin,Wife,Other,Female,8872,4522,56,Canada,>50K
36,Government,270102,Some-college,11,Married,Admin,Not-in-family,Black,Female,9164,2544,71,United-States,<=50K
40,Government,372544,Bachelors,8,Single,Admin,Own-child,Asian,Female,2846,4581,42,India,<=50K
33,Private,283945,Some-college,3,Married,Tech,Husband,Other,Male,2463,1831,39,India,<=50K
18,Private,61360,Masters,7,Married,Tech,Not-in-family,Asian,Male,6837,1472,69,Canada,<=50K
29,Self-emp,360052,HS-grad,7,Single,Service,Own-child,White,Female,4922,1436,48,United-States,<=50K
41,Private,157631,Masters,7,Married,Sales,Wife,Asian,Male,4392,329,57,Canada,<=50K
51,Self-emp,304478,Bachelors,13,Divorced,Exec,Own-child,Other,Female,3183,4354,21,Canada,<=50K
25,Private,246545,PhD,7,Single,Exec,Wife,Black,Female,3167,4238,20,United-States,<=50K
35,Self-emp,23288,Some-college,14,Married,Tech,Wife,Other,Male,2997,4008,15,Canada,<=50K
65,Government,163470,HS-grad,2,Single,Exec,Husband,Asian,Male,6521,4722,69,India,<=50K
22,Private,217302,Some-college,10,Single,Tech,Husband,Asian,Female,3227,1388,77,Mexico,<=50K
43,Private,284335,Bachelors,3,Single,Service,Own-child,Other,Female,6564,4185,51,Mexico,<=50K
47,Private,290195,Some-college,10,Married,Sales,Husband,Asian,Male,9920,719,76,Canada,<=50K
30,Private,71715,HS-grad,9,Divorced,Service,Husband,White,Female,2024,3235,62,United-States,<=50K
36,Self-emp,20737,Bachelors,3,Divorced,Admin,Husband,Other,Male,329,4576,37,United-States,<=50K
46,Private,75140,Some-college,2,Married,Admin,Own-child,Black,Female,2486,2131,6,India,<=50K
20,Government,166323,PhD,9,Single,Admin,Not-in-family,Other,Female,1155,1100,71,United-States,<=50K
43,Government,192047,Bachelors,13,Married,Service,Husband,White,Male,4477,672,26,United-States,<=50K
57,Private,277291,Bachelors,10,Married,Exec,Husband,White,Male,2185,516,8,India,<=50K
29,Government,60508,PhD,9,Married,Sales,Own-child,White,Male,7086,2532,73,Canada,<=50K
19,Private,324368,Masters,4,Single,Admin,Not-in-family,White,Female,2317,3670,4,Mexico,<=50K
28,Private,291787,HS-grad,14,Married,Admin,Husband,White,Female,3621,781,21,India,<=50K
61,Government,311111,Masters,12,Single,Admin,Wife,Black,Female,4491,3523,31,Canada,<=50K
45,Private,113535,Some-college,9,Married,Sales,Own-child,Asian,Female,2511,3558,21,India,<=50K
35,Government,312877,PhD,3,Divorced,Admin,Husband,White,Male,7842,2386,25,Canada,<=50K
30,Self-emp,487219,Masters,7,Married,Sales,Husband,White,Female,8641,4782,15,India,<=50K
54,Private,306952,Bachelors,7,Married,Admin,Wife,Other,Female,9546,1589,35,Canada,<=50K
39,Self-emp,208360,Some-college,15,Divorced,Service,Wife,Black,Female,7848,4995,49,India,<=50K
29,Government,68959,Some-college,11,Single,Service,Own-child,Black,Male,5404,1501,43,Canada,<=50K
19,Self-emp,405065,Masters,8,Single,Sales,Own-child,Asian,Female,5393,3794,41,India,<=50K
54,Self-emp,340322,Masters,10,Married,Service,Wife,Black,Female,1293,4318,37,Mexico,<=50K
24,Government,208208,PhD,15,Divorced,Sales,Own-child,Other,Male,2465,3080,57,Mexico,<=50K
43,Self-emp,201812,HS-grad,4,Single,Service,Wife,Other,Female,3175,1076,42,United-States,<=50K
43,Self-emp,122255,Masters,3,Married,Service,Husband,Asian,Female,7849,1100,47,Canada,<=50K
41,Government,96322,Masters,3,Divorced,Sales,Wife,Other,Male,9425,502,61,India,<=50K
29,Self-emp,316709,Bachelors,15,Single,Exec,Wife,White,Female,9629,1339,14,Canada,<=50K
33,Government,423399,Some-college,12,Single,Service,Not-in-family,White,Female,8444,3885,68,Mexico,<=50K
40,Self-emp,11132,HS-grad,5,Divorced,Admin,Wife,Other,Female,8210,623,53,Canada,<=50K
57,Government,179331,Bachelors,11,Divorced,Exec,Wife,Asian,Male,2759,1886,34,India,<=50K
26,Government,237684,PhD,15,Divorced,Sales,Not-in-family,Black,Female,5255,3350,76,Canada,<=50K
49,Self-emp,335812,PhD,14,Divorced,Exec,Own-child,Asian,Female,8414,1050,24,India,<=50K
32,Self-emp,269427,Masters,1,Married,Tech,Not-in-family,Black,Male,2,3772,20,Mexico,<=50K
54,Self-emp,441779,Masters,10,Divorced,Tech,Husband,Other,Male,8130,3916,69,Mexico,<=50K
30,Private,495443,PhD,3,Single,Service,Not-in-family,Other,Female,1259,4018,30,Mexico,<=50K
22,Private,118835,Masters,14,Single,Service,Husband,White,Female,8190,1329,7,United-States,<=50K
28,Private,152003,HS-grad,6,Married,Admin,Own-child,Black,Female,4323,4114,36,Mexico,<=50K
27,Government,268228,Masters,3,Single,Exec,Not-in-family,Asian,Female,5773,3367,38,Canada,<=50K
69,Self-emp,83169,Some-college,5,Single,Tech,Not-in-family,Other,Male,2568,3951,52,United-States,<=50K
30,Government,270529,Masters,9,Divorced,Service,Own-child,Asian,Female,1885,2497,15,Mexico,<=50K
58,Private,453855,Bachelors,2,Single,Exec,Husband,White,Male,7060,1573,46,Canada,<=50K
63,Self-emp,263608,HS-grad,11,Married,Service,Not-in-family,Black,Male,7844,2634,23,Canada,<=50K
67,Government,244385,Bachelors,2,Divorced,Service,Husband,Black,Female,6111,2768,12,Canada,<=50K
32,Self-emp,199973,Bachelors,12,Divorced,Tech,Not-in-family,Other,Female,9491,1211,44,India,<=50K
59,Government,110417,Some-college,6,Married,Tech,Wife,Black,Male,2338,775,15,United-States,<=50K
24,Self-emp,11044,HS-grad,6,Divorced,Service,Not-in-family,Other,Male,9268,1160,49,Canada,<=50K
57,Private,187763,HS-grad,11,Divorced,Sales,Own-child,White,Female,3758,2383,21,India,<=50K
45,Private,241807,HS-grad,11,Married,Service,Own-child,Black,Male,4810,2654,15,Mexico,<=50K
49,Self-emp,34363,HS-grad,8,Divorced,Service,Husband,Other,Female,9139,3540,14,Canada,<=50K
52,Government,318838,HS-grad,12,Married,Admin,Not-in-family,Asian,Female,6791,4697,42,India,>50K
32,Private,404798,Some-college,13,Married,Admin,Husband,Other,Male,7171,4635,15,Canada,<=50K
65,Private,483126,Masters,11,Single,Admin,Husband,Black,Male,2731,1095,63,United-States,>50K
53,Private,470060,Bachelors,14,Single,Sales,Wife,White,Female,869,23,68,United-States,>50K
38,Self-emp,293445,HS-grad,2,Divorced,Sales,Wife,Black,Male,5166,4719,27,Mexico,<=50K
23,Self-emp,346473,Masters,9,Divorced,Service,Own-child,Black,Female,93,3556,53,Canada,<=50K
18,Government,11620,Masters,15,Married,Admin,Husband,Other,Female,2987,1079,52,India,<=50K
21,Government,334368,Bachelors,2,Divorced,Sales,Own-child,Asian,Female,9967,4318,63,Mexico,<=50K
28,Government,459871,Some-college,13,Married,Tech,Not-in-family,Black,Male,8627,178,73,Canada,<=50K
61,Self-emp,105419,PhD,1,Married,Service,Husband,Asian,Female,4947,2847,53,Mexico,<=50K
43,Self-emp,178606,PhD,10,Divorced,Exec,Husband,Other,Female,6651,1960,57,India,<=50K
54,Government,392194,Masters,2,Married,Service,Not-in-family,Asian,Female,6979,1473,52,Mexico,<=50K
40,Government,442606,Bachelors,12,Single,Exec,Not-in-family,Other,Female,6794,4888,43,Mexico,<=50K
46,Self-emp,212701,PhD,7,Divorced,Admin,Own-child,White,Female,6524,4979,7,Mexico,<=50K
38,Government,328000,Masters,8,Single,Exec,Own-child,Asian,Female,3144,1212,42,Canada,<=50K
65,Private,190324,Some-college,5,Divorced,Admin,Not-in-family,Asian,Female,3587,809,4,India,<=50K
62,Self-emp,327953,PhD,6,Married,Tech,Own-child,White,Female,76,419,69,United-States,<=50K
62,Government,32259,Masters,12,Divorced,Exec,Not-in-family,Asian,Female,9007,3659,5,Canada,<=50K
66,Self-emp,30655,Masters,1,Single,Service,Husband,White,Female,8959,3816,75,United-States,<=50K
44,Private,436221,HS-grad,15,Married,Admin,Husband,Black,Female,6553,1278,41,United-States,>50K
56,Self-emp,434845,Some-college,6,Divorced,Service,Wife,Other,Male,8297,2523,4,Canada,<=50K
57,Self-emp,426826,HS-grad,12,Divorced,Sales,Husband,White,Female,6694,1440,2,Canada,<=50K
30,Self-emp,460400,Bachelors,15,Divorced,Admin,Not-in-family,Asian,Female,2873,1340,67,India,<=50K
40,Self-emp,31602,HS-grad,8,Single,Exec,Own-child,White,Female,3346,2221,21,India,<=50K
33,Private,358089,HS-grad,13,Single,Admin,Wife,Asian,Male,7024,2392,70,Mexico,<=50K
47,Self-emp,152182,PhD,3,Divorced,Service,Own-child,Black,Female,3148,1361,43,United-States,<=50K
21,Self-emp,409289,Masters,11,Married,Tech,Not-in-family,White,Male,9657,591,69,India,<=50K
57,Government,372990,Some-college,1,Married,Admin,Husband,Black,Female,244,526,9,Mexico,<=50K
33,Self-emp,352962,HS-grad,11,Single,Exec,Wife,Other,Female,2625,2503,28,India,<=50K
48,Government,413411,Some-college,4,Married,Sales,Not-in-family,Asian,Male,3849,1292,26,Canada,<=50K
59,Private,11537,HS-grad,1,Single,Tech,Wife,Asian,Female,9597,1654,3,India,<=50K
42,Private,420354,Bachelors,14,Divorced,Sales,Wife,Black,Male,9173,4906,73,United-States,>50K
61,Private,447544,HS-grad,8,Single,Admin,Husband,Other,Male,7737,187,49,India,<=50K
29,Private,266210,PhD,5,Single,Service,Not-in-family,White,Female,8333,2758,17,United-States,<=50K
43,Government,187274,Masters,1,Divorced,Service,Own-child,White,Female,892,528,63,Canada,<=50K
54,Self-emp,181236,Bachelors,14,Married,Exec,Wife,Asian,Female,5487,433,55,United-States,>50K
65,Private,398689,HS-grad,8,Single,Service,Wife,Black,Female,7251,3512,23,India,<=50K
50,Self-emp,99743,Some-college,9,Single,Tech,Own-child,Black,Male,7310,1804,34,Mexico,<=50K
45,Government,457875,Bachelors,10,Divorced,Service,Not-in-family,White,Male,2399,302,69,Canada,<=50K
26,Government,96155,Bachelors,2,Married,Exec,Wife,Other,Female,4640,4182,15,India,<=50K
29,Government,452908,HS-grad,9,Single,Admin,Wife,Other,Male,2960,437,47,Canada,<=50K
22,Private,392342,Bachelors,8,Divorced,Admin,Wife,White,Male,7325,2588,3,Canada,<=50K
69,Self-emp,428061,Some-college,7,Single,Service,Not-in-family,White,Female,1469,832,28,India,<=50K
45,Self-emp,99846,Bachelors,3,Divorced,Sales,Not-in-family,Black,Male,3374,796,3,India,<=50K
52,Self-emp,244507,Some-college,2,Married,Admin,Own-child,Other,Male,8847,559,4,Mexico,<=50K
22,Government,302706,HS-grad,7,Married,Service,Not-in-family,White,Female,8234,3588,31,Canada,<=50K
51,Private,300180,Masters,15,Married,Exec,Not-in-family,White,Male,7923,761,45,Canada,>50K
63,Government,201824,Bachelors,5,Married,Service,Husband,Asian,Female,5122,3574,59,India,<=50K
51,Government,346377,Masters,6,Single,Admin,Own-child,White,Male,9852,3785,45,United-States,<=50K
30,Self-emp,93049,Some-college,4,Single,Exec,Wife,White,Female,5387,2514,75,India,<=50K
56,Government,249647,Bachelors,2,Married,Service,Not-in-family,Other,Male,7631,684,37,Canada,<=50K
59,Self-emp,340825,PhD,9,Married,Tech,Wife,Black,Male,7226,4233,65,India,<=50K
62,Private,299962,Masters,3,Married,Exec,Wife,Other,Female,5108,577,9,Mexico,<=50K
65,Self-emp,433760,Bachelors,12,Single,Tech,Husband,Black,Female,2224,4805,17,United-States,<=50K
31,Private,334676,Masters,14,Married,Sales,Not-in-family,Asian,Female,2110,227,65,India,<=50K
28,Self-emp,481852,Bachelors,7,Married,Exec,Own-child,White,Female,957,2328,3,Mexico,<=50K
59,Government,329849,HS-grad,14,Married,Tech,Not-in-family,Asian,Male,7146,2731,26,Canada,<=50K
55,Government,30104,Masters,8,Divorced,Admin,Wife,Black,Male,560,827,53,India,<=50K
21,Private,396480,PhD,2,Married,Admin,Own-child,Other,Male,9522,430,31,Canada,<=50K
50,Private,137904,PhD,14,Divorced,Sales,Not-in-family,Other,Female,7413,1063,26,Mexico,<=50K
24,Private,341747,Some-college,6,Divorced,Exec,Wife,Asian,Male,1312,1709,23,Canada,<=50K
58,Self-emp,112499,Bachelors,11,Married,Exec,Wife,Black,Male,1821,1234,30,Mexico,<=50K
25,Self-emp,331169,Masters,8,Divorced,Exec,Husband,Asian,Female,5646,301,10,Mexico,<=50K
54,Private,237336,Some-college,7,Married,Sales,Husband,Asian,Female,4945,1420,72,Mexico,<=50K
68,Government,304461,Masters,11,Single,Exec,Husband,White,Male,5374,4628,64,India,>50K
27,Self-emp,434632,Bachelors,3,Single,Admin,Wife,Asian,Female,2651,768,22,Canada,<=50K
60,Self-emp,183084,PhD,1,Single,Tech,Not-in-family,White,Male,9933,1404,15,Canada,<=50K
32,Self-emp,377729,HS-grad,14,Single,Admin,Husband,White,Male,4701,443,56,United-States,<=50K
55,Private,471261,PhD,6,Divorced,Admin,Not-in-family,Other,Female,2877,3104,74,United-States,<=50K
32,Private,162472,Some-college,8,Married,Tech,Husband,White,Male,5582,4355,20,United-States,<=50K
22,Private,320414,HS-grad,6,Married,Admin,Own-child,White,Female,5390,3305,47,United-States,<=50K
46,Private,213141,Some-college,5,Married,Sales,Own-child,Other,Female,4083,1538,53,Canada,<=50K
36,Private,129415,Bachelors,11,Single,Tech,Husband,Asian,Male,745,3930,53,Mexico,<=50K
68,Government,453049,HS-grad,12,Single,Admin,Wife,Black,Male,8749,1331,1,Mexico,<=50K
27,Government,204716,Some-college,8,Married,Service,Husband,Black,Male,941,69,2,India,<=50K
29,Private,90206,Bachelors,2,Single,Admin,Husband,Black,Female,4023,3435,58,Mexico,<=50K
21,Self-emp,341612,PhD,15,Married,Sales,Wife,Asian,Male,2296,480,19,Canada,<=50K
48,Private,200545,Bachelors,12,Married,Exec,Own-child,White,Female,939,4094,62,Canada,>50K
35,Government,449025,Masters,15,Married,Admin,Not-in-family,Black,Female,1610,3496,78,Canada,<=50K
33,Government,441544,Bachelors,1,Married,Exec,Husband,Asian,Male,6300,2793,72,India,<=50K
57,Self-emp,440000,Bachelors,1,Married,Service,Wife,White,Female,1725,2892,12,United-States,<=50K
53,Government,33723,Masters,15,Married,Admin,Husband,Other,Male,9176,1198,26,Mexico,<=50K
42,Private,332790,Some-college,14,Married,Tech,Wife,Black,Male,9779,2372,27,Canada,<=50K
40,Self-emp,207327,Some-college,4,Single,Exec,Not-in-family,White,Male,9528,1892,29,Canada,<=50K
29,Private,10074,Bachelors,6,Married,Service,Not-in-family,Black,Male,8853,1883,15,United-States,<=50K
51,Private,265245,Masters,13,Married,Tech,Own-child,Black,Male,7187,797,46,Canada,>50K
53,Self-emp,298642,Masters,9,Single,Tech,Wife,Black,Male,32,17,1,Mexico,<=50K
54,Private,206594,PhD,1,Single,Tech,Wife,White,Male,5985,43,60,India,<=50K
20,Government,106881,Some-college,12,Single,Tech,Own-child,Asian,Female,3414,154,57,Canada,<=50K
26,Private,423757,HS-grad,1,Married,Admin,Own-child,White,Male,1156,4962,3,Mexico,<=50K
35,Self-emp,55929,Some-college,13,Divorced,Admin,Wife,Black,Female,3126,3448,18,Canada,<=50K
60,Self-emp,133199,Some-college,13,Divorced,Admin,Own-child,White,Female,8252,4838,52,United-States,>50K
52,Self-emp,241525,PhD,5,Single,Service,Not-in-family,Other,Female,1543,4080,60,Canada,<=50K
51,Private,298172,HS-grad,10,Divorced,Service,Husband,Asian,Male,271,1425,34,Canada,<=50K
58,Self-emp,39545,PhD,5,Single,Service,Not-in-family,White,Female,5295,4320,60,India,<=50K
31,Self-emp,89569,HS-grad,5,Married,Sales,Own-child,Other,Female,4076,4312,26,United-States,<=50K
21,Private,41673,Bachelors,10,Divorced,Service,Wife,Asian,Male,5902,3639,72,United-States,<=50K
46,Government,434190,HS-grad,6,Married,Admin,Wife,Other,Male,2709,4126,19,India,<=50K
58,Private,462115,PhD,8,Divorced,Admin,Not-in-family,Asian,Female,9346,1892,22,Canada,<=50K
62,Self-emp,426313,Some-college,3,Married,Sales,Wife,White,Male,5221,897,33,Mexico,<=50K
67,Self-emp,374655,HS-grad,9,Divorced,Sales,Own-child,Other,Male,9937,3424,38,United-States,<=50K
32,Private,365288,HS-grad,13,Married,Service,Not-in-family,Black,Male,8529,4540,35,United-States,<=50K
45,Government,336968,Masters,1,Married,Exec,Wife,Other,Male,6722,1258,67,Canada,<=50K
59,Self-emp,33525,Some-college,4,Divorced,Sales,Husband,Asian,Female,8201,2015,10,Canada,<=50K
33,Self-emp,67804,Bachelors,9,Married,Tech,Husband,White,Male,4144,4833,15,United-States,<=50K
29,Self-emp,156115,PhD,15,Married,Admin,Own-child,Asian,Male,5606,1702,11,Canada,<=50K
69,Private,51846,Bachelors,14,Married,Tech,Wife,Other,Male,6766,873,24,Mexico,<=50K
22,Self-emp,87261,Some-college,8,Divorced,Admin,Own-child,Other,Female,730,565,77,United-States,<=50K
51,Government,243312,HS-grad,10,Divorced,Admin,Not-in-family,Black,Female,4890,2018,4,Mexico,<=50K
59,Self-emp,453443,HS-grad,9,Married,Sales,Husband,White,Male,1648,1885,13,Mexico,<=50K
18,Self-emp,194100,Some-college,1,Married,Sales,Not-in-family,White,Male,4228,2123,73,Canada,<=50K
56,Government,440599,HS-grad,9,Divorced,Tech,Wife,Other,Female,2130,4642,57,Mexico,<=50K
49,Self-emp,301627,HS-grad,3,Divorced,Admin,Own-child,White,Male,4366,2314,37,Canada,<=50K
43,Private,17265,HS-grad,11,Married,Tech,Own-child,Black,Male,1506,4412,48,India,>50K
34,Private,294907,PhD,12,Married,Exec,Own-child,Asian,Female,2158,3883,71,Canada,<=50K
65,Private,216724,PhD,10,Married,Tech,Not-in-family,White,Male,2916,3192,1,Mexico,<=50K
44,Government,25733,Masters,9,Single,Service,Husband,Other,Male,3229,1859,60,India,<=50K
41,Self-emp,384340,Bachelors,1,Divorced,Tech,Not-in-family,Asian,Female,9858,24,12,Canada,<=50K
52,Private,101038,Some-college,1,Single,Service,Not-in-family,Asian,Female,6265,3503,21,Mexico,<=50K
63,Government,309564,Some-college,9,Divorced,Service,Wife,Black,Male,4136,4255,11,United-States,<=50K
59,Self-emp,150319,Some-college,11,Divorced,Service,Wife,Other,Female,2689,1137,44,United-States,>50K
56,Government,427056,Masters,14,Divorced,Exec,Wife,White,Male,7190,4995,58,Canada,>50K
43,Private,468365,PhD,6,Divorced,Tech,Husband,Other,Male,2810,1189,44,Canada,<=50K
66,Private,31058,Masters,4,Divorced,Tech,Husband,Asian,Male,6152,4798,78,United-States,<=50K
55,Private,256301,Some-college,7,Divorced,Exec,Wife,Other,Female,12,4096,34,Mexico,<=50K
40,Government,307073,Bachelors,5,Divorced,Admin,Wife,White,Female,5938,3157,25,Mexico,<=50K
39,Government,487387,HS-grad,10,Single,Sales,Husband,White,Male,7999,2367,4,Mexico,<=50K
21,Private,494380,PhD,14,Married,Tech,Own-child,Black,Male,7219,4477,64,Canada,<=50K
66,Government,172434,PhD,7,Married,Sales,Husband,White,Female,5328,1741,16,India,<=50K
26,Private,96489,Masters,8,Single,Exec,Husband,White,Female,3621,3688,10,India,<=50K
21,Private,94664,PhD,8,Single,Admin,Husband,Other,Female,3683,3746,66,India,<=50K
24,Self-emp,188428,Some-college,1,Single,Admin,Wife,Other,Male,7872,897,35,India,<=50K
40,Government,87597,Some-college,8,Single,Admin,Own-child,Asian,Female,5310,4023,6,India,<=50K
19,Private,278185,Masters,6,Divorced,Exec,Husband,Black,Female,652,716,19,Canada,<=50K
66,Private,88209,Some-college,4,Married,Service,Wife,Other,Male,5799,3967,59,Canada,<=50K
41,Government,268109,Bachelors,13,Divorced,Service,Not-in-family,White,Male,8812,4021,53,India,>50K
57,Self-emp,465170,Masters,14,Married,Sales,Not-in-family,Asian,Male,3790,3215,8,Canada,<=50K
48,Self-emp,202941,Bachelors,12,Married,Service,Husband,Other,Female,1645,390,78,Canada,>50K
64,Private,162131,HS-grad,8,Single,Service,Not-in-family,Black,Male,4512,3884,10,India,<=50K
48,Government,109864,Bachelors,3,Divorced,Admin,Own-child,Black,Male,4759,1699,67,Mexico,<=50K
64,Self-emp,447938,HS-grad,13,Single,Admin,Not-in-family,Asian,Male,5874,3037,38,Canada,<=50K
57,Government,158620,HS-grad,4,Divorced,Sales,Not-in-family,Asian,Male,3688,232,29,Mexico,<=50K
65,Government,418294,Bachelors,15,Married,Tech,Own-child,Asian,Female,7689,1926,15,Canada,<=50K
68,Private,408635,Masters,6,Single,Sales,Husband,Asian,Male,1379,3131,23,Canada,<=50K
60,Self-emp,176562,Some-college,11,Single,Sales,Husband,Asian,Female,4243,3306,46,India,>50K
51,Private,217158,Some-college,7,Married,Exec,Own-child,White,Female,9580,2724,28,Canada,<=50K
41,Self-emp,125158,HS-grad,4,Married,Exec,Own-child,White,Female,6507,4801,26,United-States,<=50K
66,Self-emp,461976,HS-grad,4,Married,Sales,Own-child,Other,Male,7819,233,10,United-States,<=50K
43,Self-emp,433553,Masters,7,Single,Sales,Not-in-family,Black,Female,8593,1391,47,India,<=50K
33,Self-emp,11468,PhD,6,Divorced,Sales,Own-child,White,Male,2653,2892,4,Mexico,<=50K
64,Self-emp,296453,Bachelors,13,Single,Service,Wife,White,Male,5611,1255,55,Mexico,>50K
30,Government,469560,HS-grad,11,Divorced,Exec,Not-in-family,White,Male,6127,2538,66,Mexico,<=50K
32,Private,493499,Some-college,8,Single,Sales,Husband,Other,Female,3923,3690,67,United-States,<=50K
44,Government,82255,Masters,1,Single,Admin,Husband,Asian,Male,8459,889,7,Mexico,<=50K
21,Self-emp,268078,Bachelors,10,Married,Admin,Husband,Other,Male,5912,4687,55,Mexico,<=50K
33,Private,354043,Masters,13,Divorced,Service,Not-in-family,Black,Male,5130,745,31,India,<=50K
47,Self-emp,38718,Bachelors,11,Single,Service,Wife,Black,Female,5439,1719,74,Mexico,>50K
61,Private,235409,Bachelors,7,Single,Tech,Own-child,Black,Female,7880,427,19,United-States,<=50K
47,Government,249967,HS-grad,12,Married,Tech,Own-child,Black,Female,6449,731,28,United-States,<=50K
53,Private,178913,Masters,7,Married,Tech,Husband,White,Male,1725,799,28,United-States,<=50K
20,Private,476764,Masters,11,Divorced,Service,Husband,White,Female,9304,4297,19,India,<=50K
39,Private,224637,Some-college,7,Single,Service,Not-in-family,Other,Male,7522,835,20,India,<=50K
66,Private,449876,Some-college,7,Divorced,Service,Wife,Asian,Male,4784,134,13,Canada,<=50K
39,Private,378697,HS-grad,10,Single,Admin,Own-child,Black,Female,9472,2538,77,Mexico,<=50K
67,Self-emp,322425,HS-grad,14,Divorced,Service,Not-in-family,Other,Male,1232,3718,43,India,>50K
67,Private,385595,PhD,10,Married,Admin,Own-child,White,Female,8808,40,11,United-States,<=50K
66,Private,257113,Some-college,8,Single,Tech,Husband,White,Male,8338,3367,48,United-States,<=50K
29,Government,272911,Bachelors,9,Divorced,Tech,Own-child,Asian,Female,7446,2415,15,India,<=50K
38,Private,407111,Masters,9,Married,Tech,Wife,Asian,Male,4616,2040,17,India,<=50K
21,Government,68026,HS-grad,2,Married,Sales,Wife,Asian,Male,4725,4339,54,India,<=50K
48,Self-emp,390286,Masters,13,Divorced,Sales,Husband,Other,Male,3677,2949,50,Canada,>50K
61,Private,52968,Masters,13,Single,Exec,Wife,White,Male,6287,4261,28,United-States,<=50K
48,Government,181169,PhD,7,Single,Exec,Wife,White,Male,8480,3466,4,Canada,<=50K
40,Government,418548,Some-college,7,Married,Exec,Not-in-family,Asian,Female,1409,3088,22,Canada,<=50K
37,Self-emp,155693,HS-grad,4,Single,Sales,Own-child,Black,Male,8205,4823,39,Mexico,<=50K
32,Private,86870,Masters,9,Single,Sales,Husband,Asian,Female,256,1115,34,United-States,<=50K
40,Private,28174,HS-grad,8,Single,Exec,Husband,Other,Female,1721,4578,44,United-States,<=50K
45,Government,396501,Bachelors,12,Married,Exec,Husband,Asian,Female,1423,2590,42,India,>50K
33,Private,371333,PhD,1,Divorced,Service,Husband,Asian,Male,4953,3573,40,India,<=50K
54,Government,50502,Bachelors,2,Single,Exec,Husband,Other,Male,2990,2978,12,Mexico,<=50K
38,Private,308818,HS-grad,13,Married,Service,Wife,Asian,Male,1195,2447,2,Canada,<=50K
32,Government,47260,HS-grad,15,Married,Admin,Not-in-family,White,Female,4559,1230,28,India,<=50K
34,Private,445714,Some-college,13,Divorced,Sales,Husband,Black,Male,4365,2666,74,India,<=50K
67,Self-emp,208681,Masters,2,Single,Exec,Not-in-family,Asian,Male,1244,4975,67,United-States,<=50K
54,Private,190536,Masters,12,Single,Sales,Not-in-family,Other,Female,6766,4925,71,United-States,>50K
30,Private,81805,Bachelors,12,Divorced,Sales,Wife,Black,Female,5302,4854,72,India,<=50K
36,Self-emp,205991,PhD,11,Divorced,Sales,Husband,Other,Female,1306,4258,76,United-States,<=50K
47,Private,269636,Masters,15,Married,Admin,Wife,Black,Female,2402,2594,10,Mexico,<=50K
62,Self-emp,195541,Some-college,15,Married,Tech,Husband,Black,Female,496,3430,57,India,>50K
35,Private,27194,Bachelors,8,Divorced,Exec,Wife,Asian,Female,3399,2917,37,United-States,<=50K
31,Government,167883,Bachelors,15,Single,Tech,Not-in-family,White,Male,909,2952,77,Mexico,<=50K
53,Government,344521,Some-college,1,Married,Tech,Husband,Asian,Female,372,1995,64,United-States,<=50K
53,Private,140864,PhD,4,Married,Tech,Own-child,Other,Male,6236,3891,79,United-States,<=50K
37,Private,53723,Some-college,10,Single,Sales,Not-in-family,Other,Male,1344,306,40,United-States,<=50K
69,Private,241408,PhD,12,Married,Service,Own-child,Black,Male,8515,1362,60,India,>50K
36,Government,478451,Some-college,5,Single,Sales,Not-in-family,Black,Female,2431,2102,48,Canada,<=50K
62,Private,252113,Some-college,9,Single,Sales,Wife,White,Male,4670,3030,19,United-States,<=50K
61,Government,86298,HS-grad,7,Single,Tech,Husband,Asian,Female,2784,332,72,Mexico,<=50K
24,Self-emp,69238,Bachelors,8,Divorced,Sales,Not-in-family,Other,Female,9407,2752,33,India,<=50K
61,Government,269425,Some-college,14,Divorced,Tech,Wife,Black,Male,1695,242,44,India,>50K
21,Government,115433,Some-college,11,Divorced,Service,Husband,White,Female,1907,1884,37,Mexico,<=50K
51,Self-emp,117092,Masters,9,Single,Exec,Husband,Other,Male,4814,1432,36,United-States,<=50K
19,Government,274291,Bachelors,13,Single,Tech,Not-in-family,Black,Male,780,2550,21,Canada,<=50K
22,Private,239991,Masters,7,Divorced,Service,Husband,Other,Female,1019,302,2,United-States,<=50K
27,Private,310589,Bachelors,5,Married,Exec,Not-in-family,White,Male,1403,4330,31,Mexico,<=50K
49,Government,194875,Masters,13,Single,Admin,Husband,White,Male,1426,3109,30,India,<=50K
59,Private,202180,Some-college,15,Married,Tech,Own-child,Other,Male,8855,2186,76,Canada,>50K
58,Government,116170,Some-college,5,Married,Tech,Wife,Asian,Female,5868,4290,44,India,<=50K
30,Private,405229,HS-grad,10,Single,Admin,Own-child,Other,Male,10,1550,12,Mexico,<=50K
56,Private,357761,Masters,11,Single,Admin,Not-in-family,Black,Female,6330,1792,51,United-States,>50K
22,Government,223482,PhD,6,Married,Tech,Own-child,Asian,Female,9230,646,49,Canada,<=50K
27,Private,325646,HS-grad,5,Married,Admin,Not-in-family,Black,Male,2825,4656,24,India,<=50K
27,Government,127116,Masters,13,Divorced,Sales,Husband,Other,Male,7464,712,24,India,<=50K
55,Private,309899,Masters,12,Divorced,Exec,Husband,Asian,Female,3003,4508,60,India,>50K
44,Private,149805,HS-grad,11,Single,Exec,Not-in-family,Black,Female,9267,537,11,United-States,<=50K
68,Self-emp,281623,Some-college,9,Divorced,Exec,Own-child,Other,Male,7195,234,13,Canada,<=50K
38,Self-emp,85361,Masters,3,Divorced,Sales,Husband,Other,Male,6720,2396,72,United-States,<=50K
25,Government,162376,Some-college,3,Divorced,Admin,Wife,Asian,Female,3088,1504,74,United-States,<=50K
18,Self-emp,438910,HS-grad,15,Divorced,Service,Husband,Other,Female,1789,1374,72,United-States,<=50K
45,Government,134232,Some-college,7,Married,Admin,Wife,White,Female,3036,4511,64,Mexico,<=50K
66,Self-emp,377730,Bachelors,7,Single,Tech,Own-child,Black,Female,7377,1909,20,Mexico,<=50K
56,Private,91171,PhD,6,Divorced,Exec,Wife,Black,Female,7598,915,72,Mexico,<=50K
31,Government,386295,Masters,3,Married,Admin,Wife,Other,Male,4838,3958,73,Canada,<=50K
38,Government,96296,PhD,14,Married,Service,Wife,Other,Female,5872,80,71,United-States,<=50K
47,Private,150562,Some-college,13,Married,Tech,Wife,White,Female,3653,2083,78,United-States,>50K
38,Government,162324,Masters,7,Divorced,Sales,Husband,Asian,Male,4299,2688,28,Mexico,<=50K
66,Government,147934,Some-college,5,Divorced,Sales,Wife,Other,Male,9268,1690,2,United-States,<=50K
26,Self-emp,251535,Bachelors,7,Single,Service,Husband,Other,Female,973,756,43,United-States,<=50K
34,Government,342103,HS-grad,2,Divorced,Tech,Wife,Other,Female,7083,2670,8,India,<=50K
22,Private,413666,Masters,6,Divorced,Exec,Not-in-family,Other,Male,5494,3751,13,United-States,<=50K
48,Self-emp,328166,Bachelors,14,Married,Admin,Own-child,Black,Female,9491,3552,35,India,<=50K
69,Self-emp,268970,Bachelors,8,Single,Tech,Wife,Other,Female,3406,467,23,United-States,<=50K
57,Private,334135,Masters,1,Divorced,Sales,Not-in-family,Black,Male,5150,1494,46,Canada,<=50K
55,Private,181999,Some-college,4,Divorced,Service,Wife,Other,Female,9350,1019,15,Mexico,<=50K
60,Self-emp,241449,Bachelors,11,Married,Service,Wife,Asian,Male,3129,901,2,India,<=50K
36,Government,491306,PhD,1,Married,Admin,Wife,White,Male,104,672,61,Mexico,<=50K
53,Self-emp,321997,Bachelors,14,Divorced,Service,Not-in-family,Asian,Male,7433,438,76,India,>50K
67,Private,41826,Some-college,1,Single,Service,Own-child,Other,Male,7689,4222,64,India,<=50K
50,Self-emp,315023,Some-college,10,Single,Tech,Not-in-family,Other,Female,3567,2076,52,India,<=50K
30,Private,198337,PhD,12,Married,Exec,Own-child,Other,Male,4348,444,36,Canada,<=50K
31,Self-emp,82361,Bachelors,14,Married,Admin,Wife,Asian,Female,4390,965,67,United-States,<=50K
50,Government,250028,Some-college,14,Divorced,Tech,Husband,Other,Female,6811,3790,69,India,>50K
46,Self-emp,350134,Masters,11,Married,Exec,Wife,Asian,Female,1181,463,67,Canada,>50K
60,Self-emp,361931,HS-grad,8,Divorced,Tech,Own-child,Black,Female,4644,2198,47,India,<=50K
66,Private,227256,HS-grad,7,Single,Tech,Not-in-family,White,Female,5873,2287,2,United-States,<=50K
53,Private,50736,HS-grad,12,Single,Service,Wife,White,Male,4394,3765,44,India,>50K
61,Private,296674,Bachelors,10,Divorced,Exec,Not-in-family,Asian,Male,3534,3176,64,Canada,<=50K
27,Self-emp,219124,PhD,13,Married,Admin,Not-in-family,Black,Male,5844,4008,78,United-States,<=50K
48,Government,188130,Some-college,1,Single,Admin,Not-in-family,Asian,Male,5939,3504,28,Canada,<=50K
23,Private,116080,Masters,11,Married,Exec,Wife,Black,Female,6475,912,54,United-States,<=50K
18,Private,477310,Masters,14,Single,Service,Not-in-family,Other,Male,1774,496,74,United-States,<=50K
24,Self-emp,346399,Bachelors,13,Divorced,Sales,Not-in-family,Black,Female,8283,1463,67,Mexico,<=50K
44,Private,145958,HS-grad,2,Divorced,Tech,Wife,Black,Female,446,4253,36,Mexico,<=50K
38,Government,398742,Bachelors,4,Divorced,Service,Not-in-family,Black,Male,108,4267,63,Mexico,<=50K
45,Government,234793,PhD,1,Single,Exec,Wife,White,Male,3239,493,25,United-States,<=50K
33,Private,128623,PhD,3,Married,Tech,Own-child,Black,Male,5931,1426,48,India,<=50K
63,Private,309531,Some-college,8,Married,Admin,Own-child,Other,Male,4053,1692,39,Canada,<=50K
40,Self-emp,162647,Some-college,8,Married,Sales,Own-child,Other,Female,4537,1793,47,Canada,<=50K
69,Government,122260,PhD,8,Single,Admin,Not-in-family,Other,Female,6361,2723,21,Canada,<=50K
37,Government,442859,PhD,6,Single,Exec,Husband,Black,Male,1245,658,30,Mexico,<=50K
55,Private,413316,PhD,6,Single,Tech,Husband,Asian,Female,2720,4761,31,United-States,<=50K
42,Self-emp,463572,Bachelors,5,Single,Exec,Not-in-family,Asian,Female,8469,4462,26,Mexico,<=50K
45,Government,411072,PhD,13,Single,Tech,Husband,Other,Female,7741,549,22,India,<=50K
22,Government,441385,Masters,9,Married,Service,Wife,White,Male,5105,642,21,United-States,<=50K
38,Self-emp,432020,HS-grad,4,Single,Sales,Husband,Asian,Female,2922,4350,1,Canada,<=50K
35,Self-emp,176862,PhD,10,Single,Service,Not-in-family,Black,Male,2513,207,37,Mexico,<=50K
64,Government,303132,HS-grad,15,Married,Service,Not-in-family,Asian,Male,9030,2497,77,Mexico,>50K
23,Government,348592,Bachelors,12,Single,Exec,Wife,Other,Female,2801,4190,46,India,<=50K
46,Self-emp,441722,HS-grad,12,Married,Sales,Own-child,White,Female,6981,1883,9,India,<=50K
36,Government,385574,Bachelors,12,Married,Tech,Not-in-family,Asian,Male,8221,2886,17,Mexico,<=50K
50,Private,228976,Masters,7,Divorced,Tech,Wife,Asian,Female,6502,477,47,India,<=50K
18,Private,470522,Bachelors,1,Divorced,Admin,Husband,Other,Female,6038,761,59,Canada,<=50K
62,Self-emp,415521,Bachelors,15,Divorced,Tech,Husband,White,Male,6229,189,54,India,>50K
20,Self-emp,151041,Some-college,9,Divorced,Exec,Wife,White,Male,9449,755,12,India,<=50K
59,Self-emp,284548,PhD,7,Single,Service,Wife,Other,Male,364,1446,64,Mexico,<=50K
38,Private,412205,PhD,10,Divorced,Service,Not-in-family,Black,Male,1800,4931,6,Mexico,<=50K
52,Government,468521,Masters,12,Married,Service,Husband,Asian,Female,5958,1663,53,United-States,>50K
58,Private,439199,Masters,9,Single,Sales,Wife,Black,Female,9096,1835,16,United-States,<=50K
57,Government,251356,PhD,7,Divorced,Tech,Husband,Asian,Male,7436,4228,5,Mexico,<=50K
20,Private,180534,Some-college,2,Married,Exec,Wife,Asian,Male,4793,4150,73,India,<=50K
42,Government,291504,PhD,15,Single,Sales,Husband,Black,Male,8160,4060,46,India,>50K
62,Private,357801,Some-college,6,Single,Admin,Own-child,Other,Female,179,4605,14,United-States,<=50K
55,Self-emp,429503,Masters,10,Divorced,Exec,Not-in-family,Other,Male,3873,4765,44,United-States,<=50K
62,Private,206544,HS-grad,12,Single,Exec,Husband,Asian,Female,3960,3612,63,United-States,>50K
37,Government,256512,Masters,11,Married,Exec,Own-child,Other,Male,1186,1689,52,Canada,<=50K
69,Private,250037,Masters,4,Single,Service,Husband,Asian,Male,773,1316,26,Canada,<=50K
61,Private,464529,Bachelors,3,Married,Exec,Husband,Other,Male,4460,4829,53,United-States,<=50K
62,Private,44160,Bachelors,2,Single,Tech,Own-child,Asian,Female,352,3186,29,India,<=50K
51,Self-emp,278933,Bachelors,6,Divorced,Exec,Husband,Other,Female,6943,4020,19,United-States,<=50K
38,Private,168253,Bachelors,8,Married,Service,Husband,White,Female,5202,4354,47,Canada,<=50K
65,Self-emp,155457,Some-college,6,Single,Exec,Not-in-family,Black,Male,5344,1145,8,India,<=50K
40,Self-emp,354741,PhD,9,Single,Admin,Own-child,White,Female,4507,4394,23,Canada,<=50K
23,Private,75641,HS-grad,14,Single,Admin,Own-child,Black,Female,4830,560,35,India,<=50K
68,Private,316391,Masters,5,Married,Service,Wife,Black,Male,117,1912,53,Canada,<=50K
30,Private,96673,Some-college,2,Married,Tech,Husband,Asian,Male,481,1864,58,India,<=50K
66,Government,241322,HS-grad,8,Married,Tech,Not-in-family,Black,Female,4287,296,5,India,<=50K
40,Private,277688,Some-college,9,Divorced,Sales,Husband,White,Female,6802,2409,16,India,<=50K
26,Self-emp,256855,Some-college,14,Divorced,Service,Husband,White,Female,8298,2636,17,India,<=50K
34,Private,416491,Masters,10,Married,Exec,Wife,Other,Female,4477,1461,32,Mexico,<=50K
19,Government,246361,PhD,4,Single,Service,Husband,White,Male,6533,4292,52,Canada,<=50K
36,Private,73248,Bachelors,6,Divorced,Sales,Not-in-family,Other,Male,243,2268,20,Canada,<=50K
36,Government,306694,PhD,15,Married,Service,Not-in-family,Black,Male,7012,994,66,Mexico,<=50K
24,Government,325837,Masters,11,Single,Service,Wife,White,Female,865,7,1,India,<=50K
59,Private,401068,Masters,10,Divorced,Sales,Husband,Black,Female,9753,2591,58,India,<=50K
59,Self-emp,422857,Masters,8,Single,Tech,Not-in-family,White,Male,5329,2515,44,Canada,<=50K
37,Government,212821,HS-grad,9,Single,Exec,Husband,White,Male,603,4415,6,Mexico,<=50K
26,Private,265949,PhD,12,Single,Sales,Husband,Other,Female,5756,1417,50,India,<=50K
34,Private,352165,PhD,5,Single,Admin,Husband,Black,Female,4018,2316,72,India,<=50K
44,Self-emp,287749,Some-college,12,Divorced,Tech,Wife,White,Male,5192,3932,20,India,<=50K
64,Government,60713,Some-college,6,Divorced,Admin,Husband,Asian,Male,2015,1287,14,United-States,<=50K
19,Government,423606,Some-college,11,Divorced,Tech,Not-in-family,Black,Male,9850,2844,5,Mexico,<=50K
53,Private,347547,Masters,4,Married,Exec,Husband,Black,Female,3380,1118,41,India,<=50K
36,Private,330610,PhD,5,Divorced,Exec,Not-in-family,Black,Female,3770,552,40,United-States,<=50K
34,Self-emp,13981,Masters,7,Single,Service,Husband,Other,Female,5829,660,34,Mexico,<=50K
22,Self-emp,412709,HS-grad,9,Divorced,Admin,Not-in-family,Asian,Female,1613,715,45,India,<=50K
56,Government,474434,Some-college,10,Single,Tech,Not-in-family,Black,Female,1879,3585,71,Canada,<=50K
35,Government,474534,Masters,11,Married,Exec,Husband,White,Female,5372,3761,71,United-States,<=50K
24,Private,387775,Masters,13,Single,Sales,Husband,White,Male,4108,2529,27,United-States,<=50K
34,Government,391382,HS-grad,6,Single,Exec,Not-in-family,Other,Male,9291,3970,78,India,<=50K
56,Self-emp,105335,Bachelors,14,Single,Sales,Own-child,White,Female,9266,3407,78,India,>50K
53,Self-emp,117441,PhD,6,Married,Tech,Wife,Black,Male,8978,1458,44,United-States,<=50K
57,Private,26984,Bachelors,8,Divorced,Exec,Own-child,White,Female,148,3267,33,Canada,<=50K
62,Self-emp,135580,Some-college,11,Divorced,Exec,Own-child,Black,Male,1754,854,33,Canada,<=50K
21,Self-emp,383460,Masters,4,Married,Tech,Husband,White,Female,7378,4760,44,Mexico,<=50K
55,Self-emp,425976,HS-grad,3,Single,Exec,Wife,Asian,Male,6681,3537,20,India,<=50K
42,Self-emp,494745,HS-grad,14,Divorced,Sales,Own-child,Other,Male,3756,1897,36,Canada,<=50K
22,Private,142596,PhD,7,Married,Exec,Husband,Other,Female,9371,272,7,Mexico,<=50K
47,Private,128454,Bachelors,5,Divorced,Admin,Own-child,Asian,Female,9116,4087,32,Canada,<=50K
29,Government,59402,PhD,2,Married,Service,Own-child,Asian,Male,5392,1272,67,India,<=50K
21,Self-emp,101656,Masters,2,Single,Sales,Husband,Other,Male,9795,4374,39,Mexico,<=50K
41,Government,75614,PhD,11,Divorced,Admin,Husband,Asian,Female,3052,4019,24,Mexico,<=50K
46,Private,176963,HS-grad,6,Married,Tech,Husband,Black,Male,5692,815,70,Mexico,<=50K
26,Private,363153,HS-grad,8,Divorced,Sales,Wife,White,Female,4218,4371,54,Canada,<=50K
21,Private,443048,Some-college,1,Divorced,Service,Own-child,Other,Female,4803,922,38,India,<=50K
68,Private,317980,Some-college,15,Divorced,Service,Husband,Asian,Male,2377,4737,74,Mexico,>50K
41,Private,477169,Masters,11,Divorced,Tech,Not-in-family,Black,Female,5086,4600,75,United-States,>50K
31,Private,416578,Bachelors,6,Married,Tech,Own-child,Other,Male,3182,4867,32,India,<=50K
22,Private,469961,PhD,12,Single,Sales,Not-in-family,Asian,Male,3160,1264,45,United-States,<=50K
35,Self-emp,441137,Masters,2,Married,Exec,Wife,Other,Female,6576,3724,61,United-States,<=50K
59,Government,473650,Some-college,2,Married,Tech,Husband,Asian,Male,8903,2787,70,Mexico,<=50K
36,Private,268789,PhD,7,Married,Exec,Not-in-family,Other,Female,2586,2722,53,Mexico,<=50K
29,Self-emp,421778,Some-college,10,Single,Admin,Wife,Black,Female,2648,4223,51,Canada,<=50K
35,Self-emp,467726,PhD,1,Divorced,Service,Husband,Black,Female,7313,2550,76,Canada,<=50K
34,Government,141049,Bachelors,6,Divorced,Exec,Not-in-family,White,Male,1717,2949,56,Canada,<=50K
47,Private,348551,Masters,14,Divorced,Service,Not-in-family,Other,Female,5308,1673,27,India,<=50K
41,Government,279754,PhD,7,Single,Exec,Wife,White,Male,7407,4587,38,Canada,<=50K
28,Private,119381,HS-grad,14,Divorced,Admin,Husband,Other,Female,870,3092,62,United-States,<=50K
52,Self-emp,496134,HS-grad,8,Single,Tech,Husband,Asian,Female,3574,2838,18,Canada,<=50K
40,Self-emp,25791,PhD,7,Divorced,Admin,Not-in-family,Asian,Female,5827,1666,64,Mexico,<=50K
34,Self-emp,68047,PhD,6,Divorced,Tech,Not-in-family,White,Male,7986,4511,77,Canada,<=50K
18,Self-emp,244898,PhD,9,Married,Tech,Not-in-family,Other,Male,8462,2195,30,India,<=50K
32,Government,471122,HS-grad,13,Single,Service,Husband,White,Female,9735,1384,49,India,<=50K
49,Private,160737,HS-grad,3,Married,Admin,Wife,Black,Female,8741,4403,41,United-States,<=50K
26,Private,80246,PhD,11,Married,Exec,Wife,White,Male,5769,3954,13,India,<=50K
32,Government,206936,Some-college,6,Married,Admin,Husband,White,Male,5733,2899,34,Canada,<=50K
45,Private,449667,Some-college,4,Single,Service,Own-child,Asian,Male,9904,60,25,Mexico,<=50K
41,Self-emp,244955,Bachelors,2,Single,Tech,Wife,White,Female,3240,3947,66,India,<=50K
52,Private,358292,Masters,1,Divorced,Service,Not-in-family,Other,Male,9554,2290,18,United-States,<=50K
39,Self-emp,55890,Some-college,12,Married,Sales,Own-child,Asian,Female,4893,472,5,Canada,<=50K
44,Government,410010,HS-grad,12,Divorced,Sales,Own-child,White,Male,9476,958,19,United-States,<=50K
36,Private,42888,Some-college,14,Married,Exec,Wife,Black,Female,886,532,42,India,<=50K
62,Government,147821,Bachelors,1,Single,Service,Own-child,White,Female,5854,493,18,India,<=50K
29,Private,56531,Bachelors,11,Single,Exec,Own-child,White,Female,5318,81,32,United-States,<=50K
37,Self-emp,387796,Masters,10,Single,Exec,Wife,White,Male,2258,4974,21,Canada,<=50K
18,Government,292752,Some-college,3,Married,Sales,Wife,Asian,Male,4382,2970,10,India,<=50K
38,Private,353130,HS-grad,4,Single,Exec,Own-child,Other,Male,1785,11,37,Mexico,<=50K
66,Self-emp,472427,HS-grad,2,Married,Sales,Not-in-family,Black,Female,7727,4544,49,India,<=50K
62,Government,356140,PhD,13,Divorced,Tech,Husband,White,Female,295,761,13,Canada,<=50K
18,Government,66017,HS-grad,12,Married,Service,Own-child,Other,Male,2597,3185,55,India,<=50K
27,Private,67676,Masters,11,Divorced,Exec,Own-child,Other,Female,680,25,17,United-States,<=50K
64,Private,21560,Masters,11,Married,Sales,Not-in-family,Asian,Female,4890,1806,9,India,<=50K
49,Private,457617,HS-grad,14,Divorced,Admin,Own-child,Black,Female,4298,4157,44,India,>50K
56,Self-emp,60468,HS-grad,11,Single,Exec,Own-child,Asian,Male,324,4324,78,Canada,>50K
39,Private,173535,PhD,1,Divorced,Tech,Husband,Other,Female,7952,4702,46,United-States,<=50K
35,Government,434879,HS-grad,4,Single,Tech,Husband,Other,Male,986,3659,8,Canada,<=50K
65,Government,471922,PhD,15,Single,Admin,Husband,Other,Male,3118,1525,37,India,<=50K
63,Private,461989,PhD,7,Divorced,Sales,Wife,Asian,Male,760,760,19,Mexico,<=50K
49,Private,305267,HS-grad,10,Married,Exec,Wife,Black,Male,7758,594,63,India,<=50K
44,Government,104346,Bachelors,11,Married,Sales,Husband,White,Male,9228,1055,46,Canada,>50K
45,Self-emp,150790,Bachelors,6,Married,Tech,Husband,Asian,Female,906,1854,71,Mexico,<=50K
35,Private,203709,PhD,6,Married,Sales,Wife,Other,Male,5499,3083,26,Canada,<=50K
56,Private,272172,HS-grad,11,Married,Tech,Not-in-family,Asian,Male,364,3916,46,Canada,>50K
66,Government,465586,Bachelors,9,Single,Sales,Own-child,Other,Male,7769,3675,46,United-States,<=50K
46,Private,57599,HS-grad,14,Married,Admin,Own-child,White,Female,3413,2048,75,Mexico,>50K
35,Self-emp,158469,HS-grad,15,Single,Service,Husband,White,Female,8027,1458,14,India,<=50K
61,Government,250270,HS-grad,2,Single,Admin,Not-in-family,Black,Female,7939,1219,63,Canada,<=50K
25,Private,55406,Some-college,4,Single,Admin,Wife,Other,Female,9261,4228,72,India,<=50K
48,Government,319801,HS-grad,5,Divorced,Service,Husband,Black,Male,3081,4181,3,United-States,<=50K
51,Private,77560,Some-college,1,Divorced,Service,Not-in-family,Black,Male,5448,1499,28,United-States,<=50K
24,Private,114143,PhD,8,Single,Exec,Not-in-family,White,Female,3258,1830,29,Mexico,<=50K
53,Private,154575,Bachelors,8,Divorced,Exec,Not-in-family,Asian,Female,2107,3395,18,United-States,<=50K
35,Self-emp,64943,Bachelors,6,Married,Admin,Wife,Asian,Female,7928,1203,35,United-States,<=50K
55,Self-emp,85839,Bachelors,12,Married,Admin,Wife,Black,Female,2933,4270,77,India,>50K
26,Government,92674,Bachelors,5,Single,Tech,Own-child,White,Male,2829,2810,76,United-States,<=50K
26,Private,35345,Bachelors,8,Married,Tech,Own-child,Other,Female,8633,3092,47,United-States,<=50K
63,Private,259495,Bachelors,3,Single,Exec,Not-in-family,Asian,Female,5006,3044,5,Canada,<=50K
25,Self-emp,60390,Bachelors,3,Single,Exec,Not-in-family,Black,Female,1559,4673,75,United-States,<=50K
68,Private,236113,PhD,2,Married,Tech,Wife,Asian,Female,1741,3514,59,Canada,<=50K
52,Self-emp,331701,HS-grad,5,Divorced,Tech,Own-child,Asian,Female,5830,1798,75,United-States,<=50K
35,Private,468270,Masters,3,Married,Sales,Not-in-family,Other,Female,7523,2575,59,United-States,<=50K
22,Government,11906,Some-college,3,Married,Sales,Own-child,White,Female,625,144,47,Mexico,<=50K
31,Private,443383,Masters,15,Single,Tech,Own-child,Other,Male,1690,4857,13,Mexico,<=50K
45,Private,17961,Masters,6,Single,Sales,Not-in-family,White,Male,8282,3926,78,Canada,<=50K
47,Self-emp,167212,HS-grad,8,Single,Service,Wife,Asian,Male,6310,1377,33,United-States,<=50K
21,Private,391433,HS-grad,2,Single,Exec,Not-in-family,Black,Male,3006,3146,62,India,<=50K
56,Private,199773,HS-grad,4,Divorced,Exec,Not-in-family,Other,Male,4302,1825,79,Mexico,<=50K
37,Self-emp,349711,Bachelors,11,Divorced,Tech,Own-child,White,Male,1088,793,16,India,<=50K
42,Government,352808,PhD,7,Divorced,Admin,Not-in-family,Asian,Female,6007,1601,44,Mexico,<=50K
45,Government,91199,Bachelors,1,Single,Tech,Wife,White,Female,4611,4414,58,Mexico,<=50K
29,Self-emp,270928,PhD,1,Single,Sales,Not-in-family,White,Male,9372,1110,6,United-States,<=50K
19,Self-emp,109764,PhD,12,Single,Admin,Wife,White,Female,7928,4053,15,Mexico,<=50K
60,Self-emp,484434,Masters,13,Divorced,Sales,Wife,Asian,Male,4490,4793,4,India,<=50K
31,Self-emp,132357,Masters,10,Single,Service,Own-child,Black,Female,8378,3937,56,Mexico,<=50K
39,Self-emp,352873,PhD,7,Married,Sales,Husband,Black,Female,1597,3963,64,Canada,<=50K
48,Government,431777,PhD,14,Married,Service,Husband,Black,Female,3747,4942,68,United-States,>50K
40,Government,322712,Bachelors,7,Single,Service,Own-child,White,Female,2670,782,34,United-States,<=50K
65,Self-emp,381493,Bachelors,1,Married,Sales,Not-in-family,Asian,Female,8431,1116,56,Canada,<=50K
37,Private,345446,Masters,1,Married,Sales,Own-child,White,Female,2580,1750,32,Canada,<=50K
55,Self-emp,498596,HS-grad,4,Divorced,Service,Wife,Black,Male,7432,2576,9,Canada,<=50K
21,Private,104968,PhD,5,Single,Admin,Husband,Black,Male,8330,4027,63,Mexico,<=50K
32,Self-emp,170576,Bachelors,5,Single,Service,Own-child,Asian,Female,2506,3336,72,United-States,<=50K
41,Self-emp,388260,Masters,4,Divorced,Exec,Not-in-family,White,Male,4725,4387,78,Canada,<=50K
42,Government,309290,Bachelors,8,Married,Service,Own-child,Other,Female,4300,1487,33,Mexico,<=50K
18,Private,50297,PhD,7,Married,Admin,Husband,Other,Male,9941,3875,21,Canada,<=50K
24,Private,96394,PhD,9,Single,Exec,Own-child,Black,Female,8759,3631,55,India,<=50K
48,Government,399317,Some-college,7,Married,Tech,Own-child,Asian,Male,7002,4192,76,India,<=50K
29,Government,398086,HS-grad,15,Divorced,Tech,Husband,White,Female,9073,3958,57,United-States,<=50K
59,Government,471823,Some-college,10,Divorced,Admin,Wife,White,Male,6131,3397,2,Mexico,<=50K
22,Government,26939,Masters,1,Single,Service,Wife,Black,Female,8831,73,13,India,<=50K
61,Private,493683,Bachelors,13,Divorced,Sales,Husband,Black,Male,4537,1359,4,India,<=50K
67,Private,453931,Masters,14,Divorced,Admin,Own-child,White,Female,2335,1091,50,Mexico,>50K
59,Self-emp,316604,PhD,7,Single,Exec,Husband,White,Female,4321,4853,48,Canada,<=50K
55,Self-emp,469792,Some-college,1,Divorced,Exec,Wife,Black,Female,2985,1941,78,Mexico,<=50K
29,Government,209294,Some-college,7,Divorced,Tech,Not-in-family,White,Male,559,3148,30,Canada,<=50K
56,Government,415882,Some-college,10,Divorced,Exec,Own-child,Other,Male,713,4303,29,India,<=50K
35,Government,72119,Masters,8,Married,Admin,Wife,Black,Male,4593,1244,8,India,<=50K
19,Self-emp,176393,PhD,11,Single,Exec,Own-child,White,Female,3988,1285,12,India,<=50K
27,Self-emp,404995,Bachelors,9,Single,Admin,Husband,Black,Male,6203,4505,41,United-States,<=50K
32,Self-emp,154258,Bachelors,12,Single,Sales,Not-in-family,Asian,Female,256,3036,26,United-States,<=50K
47,Self-emp,419675,Masters,3,Married,Tech,Husband,Black,Male,8768,770,50,United-States,<=50K
61,Self-emp,489462,Some-college,15,Married,Exec,Not-in-family,Black,Male,37,1843,2,Mexico,<=50K
34,Self-emp,228827,HS-grad,4,Single,Admin,Own-child,Asian,Male,8652,73,55,India,<=50K
21,Self-emp,277201,Masters,4,Married,Service,Own-child,Other,Male,9632,1660,56,India,<=50K
24,Government,463879,Masters,12,Single,Tech,Husband,White,Female,1832,4349,14,Mexico,<=50K
58,Government,159805,PhD,9,Married,Sales,Not-in-family,Asian,Male,7600,819,6,United-States,<=50K
48,Government,291301,Bachelors,13,Divorced,Admin,Not-in-family,Black,Male,5167,3818,61,Mexico,>50K
68,Government,307174,Masters,7,Divorced,Sales,Own-child,White,Female,432,331,12,United-States,<=50K
56,Self-emp,160685,Masters,3,Single,Sales,Husband,Asian,Female,4151,1421,13,India,<=50K
51,Private,118612,Some-college,10,Married,Exec,Not-in-family,White,Male,6411,3655,19,Canada,<=50K
23,Self-emp,387224,Some-college,5,Married,Exec,Own-child,White,Male,1751,4931,44,United-States,<=50K
67,Private,355172,HS-grad,7,Divorced,Admin,Wife,Asian,Female,4997,1691,59,India,<=50K
55,Government,489498,PhD,8,Divorced,Service,Husband,White,Female,5720,4550,37,India,<=50K
62,Self-emp,146260,HS-grad,1,Married,Admin,Wife,Other,Female,7616,4408,25,Canada,<=50K
68,Government,248178,Some-college,12,Married,Service,Husband,Asian,Male,256,227,16,India,<=50K
51,Self-emp,269418,Bachelors,2,Married,Sales,Own-child,Other,Male,671,2881,38,India,<=50K
61,Government,39680,Some-college,7,Married,Tech,Not-in-family,Black,Male,489,4953,43,United-States,<=50K
32,Private,244433,PhD,11,Married,Admin,Not-in-family,White,Female,6889,2865,14,United-States,<=50K
31,Private,463335,Some-college,15,Married,Admin,Not-in-family,Black,Female,2096,2575,6,Canada,<=50K
23,Private,374446,PhD,13,Single,Service,Husband,Black,Female,1682,4522,23,Canada,<=50K
67,Self-emp,477616,PhD,14,Married,Sales,Own-child,White,Male,2460,464,60,India,>50K
54,Private,458934,PhD,13,Divorced,Sales,Wife,Asian,Female,4529,277,12,United-States,<=50K
67,Self-emp,46445,PhD,15,Single,Service,Own-child,White,Male,5121,4114,13,Canada,<=50K
49,Private,15796,PhD,2,Married,Sales,Wife,Black,Female,1975,65,6,Canada,<=50K
20,Private,319362,Bachelors,7,Divorced,Exec,Husband,Black,Male,3216,4262,63,Mexico,<=50K
20,Self-emp,180203,HS-grad,15,Single,Tech,Husband,Asian,Male,9581,402,38,Canada,<=50K
39,Self-emp,411339,Masters,9,Divorced,Admin,Wife,White,Female,4515,3983,50,India,<=50K
39,Private,149294,HS-grad,11,Married,Tech,Wife,Black,Male,5692,4504,52,United-States,<=50K
27,Self-emp,296218,PhD,2,Married,Admin,Wife,Other,Female,9776,3478,40,Canada,<=50K
68,Private,388232,Bachelors,7,Married,Exec,Own-child,Black,Male,4939,3444,8,Mexico,<=50K
20,Self-emp,433041,Some-college,4,Married,Sales,Wife,Black,Female,5563,4692,61,United-States,<=50K
29,Government,308983,Bachelors,11,Single,Service,Husband,Asian,Female,2963,4419,8,Canada,<=50K
46,Government,379256,PhD,13,Single,Exec,Husband,Other,Male,4529,3039,34,Mexico,<=50K
65,Government,399658,Bachelors,2,Divorced,Tech,Not-in-family,Black,Female,6786,1437,79,Canada,<=50K
34,Government,78322,Bachelors,13,Married,Service,Wife,Black,Male,6200,428,60,United-States,<=50K
24,Government,328465,PhD,7,Divorced,Sales,Own-child,Other,Female,976,2682,57,United-States,<=50K
30,Private,240246,Bachelors,13,Single,Exec,Own-child,White,Female,7345,2777,46,United-States,<=50K
19,Government,120100,Masters,5,Married,Service,Own-child,White,Female,45,3378,22,India,<=50K
21,Government,429204,Masters,1,Married,Exec,Not-in-family,Black,Female,1193,392,40,Canada,<=50K
27,Government,307651,Bachelors,5,Single,Exec,Husband,Black,Male,4512,4541,45,India,<=50K
56,Government,109244,Some-college,12,Single,Sales,Own-child,White,Female,4943,341,55,United-States,>50K
41,Self-emp,397932,PhD,12,Single,Admin,Husband,Asian,Female,6282,132,51,Mexico,>50K
34,Private,367395,Masters,3,Single,Service,Not-in-family,Other,Male,246,264,5,Canada,<=50K
69,Government,295950,Some-college,7,Single,Sales,Wife,Other,Male,3219,4188,13,India,<=50K
23,Government,140364,Bachelors,6,Married,Exec,Wife,Asian,Male,8983,1685,28,Canada,<=50K
36,Government,309045,Some-college,8,Single,Sales,Wife,Asian,Male,636,1434,62,Mexico,<=50K
22,Private,420259,HS-grad,13,Married,Admin,Own-child,Asian,Male,3775,1660,24,India,<=50K
49,Self-emp,478977,Masters,5,Married,Service,Wife,Asian,Male,2421,3817,7,United-States,<=50K
27,Private,412968,Bachelors,2,Single,Admin,Own-child,Asian,Female,9280,2354,38,India,<=50K
26,Self-emp,210065,PhD,9,Single,Tech,Not-in-family,Asian,Male,4183,265,37,Canada,<=50K
44,Government,183688,Bachelors,14,Married,Service,Not-in-family,Other,Female,712,4741,68,Canada,>50K
30,Government,62127,PhD,11,Single,Admin,Own-child,Asian,Male,5845,1136,42,Canada,<=50K
36,Private,477993,Bachelors,8,Single,Exec,Husband,White,Female,5323,4549,5,Canada,<=50K
38,Private,272597,Some-college,6,Single,Service,Wife,Asian,Female,6032,4926,64,United-States,<=50K
41,Self-emp,347576,Some-college,13,Divorced,Service,Wife,Asian,Female,3644,1390,50,India,>50K
55,Self-emp,395016,Some-college,10,Married,Sales,Wife,Other,Male,7773,1112,15,United-States,<=50K
21,Private,97362,HS-grad,7,Divorced,Exec,Own-child,Other,Male,2108,2234,73,United-States,<=50K
41,Self-emp,283120,PhD,9,Single,Tech,Not-in-family,Asian,Male,3614,2866,53,United-States,<=50K
52,Private,124176,Some-college,7,Divorced,Admin,Wife,Other,Male,9434,3068,25,Canada,<=50K
20,Self-emp,109122,HS-grad,3,Single,Sales,Not-in-family,Black,Female,6957,2179,9,Canada,<=50K
21,Private,342548,PhD,6,Divorced,Admin,Wife,Other,Male,5279,4967,38,Canada,<=50K
54,Private,354076,Bachelors,11,Single,Tech,Wife,Other,Female,4332,634,22,India,<=50K
57,Private,107170,HS-grad,13,Divorced,Tech,Own-child,Other,Female,3900,3631,49,Mexico,>50K
65,Self-emp,349851,Masters,11,Divorced,Service,Husband,Other,Male,7939,1399,68,Canada,>50K
52,Self-emp,492863,HS-grad,7,Divorced,Tech,Own-child,White,Male,6963,4786,15,India,<=50K
48,Self-emp,436904,HS-grad,2,Married,Admin,Wife,White,Male,4568,2739,65,Canada,<=50K
61,Private,227912,PhD,3,Divorced,Exec,Wife,White,Female,7838,3170,54,Canada,<=50K
42,Self-emp,258178,Bachelors,4,Married,Exec,Husband,Asian,Male,1845,1865,30,United-States,<=50K
57,Self-emp,245851,Masters,10,Single,Service,Not-in-family,Asian,Female,382,1955,20,United-States,<=50K
30,Private,365933,Some-college,6,Divorced,Admin,Not-in-family,Black,Male,4112,4677,33,United-States,<=50K
21,Government,106516,Some-college,1,Single,Admin,Wife,White,Female,7069,2218,77,India,<=50K
63,Private,405233,HS-grad,9,Single,Tech,Not-in-family,Asian,Male,3810,1389,7,Mexico,<=50K
31,Self-emp,17957,PhD,5,Divorced,Admin,Wife,Other,Male,1509,4879,8,Mexico,<=50K
30,Private,117724,PhD,13,Married,Sales,Husband,Other,Female,7573,3130,28,India,<=50K
44,Government,408008,Some-college,12,Divorced,Tech,Husband,White,Male,1578,4276,45,Canada,>50K
23,Private,459198,Masters,14,Single,Sales,Wife,Black,Male,879,4114,73,India,<=50K
34,Self-emp,285381,Bachelors,7,Single,Service,Husband,Black,Male,2162,1249,74,Canada,<=50K
53,Government,323730,Masters,9,Divorced,Exec,Own-child,Other,Male,9764,3166,11,India,<=50K
57,Self-emp,485003,Bachelors,9,Married,Service,Own-child,Black,Male,9840,1245,31,India,<=50K
66,Government,291396,Some-college,1,Married,Exec,Husband,White,Male,7714,53,12,India,<=50K
52,Government,413923,Bachelors,15,Single,Service,Wife,Other,Male,1359,2910,78,Mexico,>50K
34,Private,175278,PhD,1,Single,Admin,Wife,Asian,Female,4431,2396,51,United-States,<=50K
58,Private,497492,HS-grad,3,Married,Sales,Husband,Asian,Female,8148,442,44,India,<=50K
19,Self-emp,13543,HS-grad,6,Divorced,Exec,Not-in-family,Black,Male,3960,4675,50,Mexico,<=50K
30,Private,185207,Some-college,2,Single,Tech,Own-child,Other,Male,3811,3611,17,United-States,<=50K
69,Private,257541,PhD,10,Married,Sales,Not-in-family,Other,Male,4242,4377,35,United-States,<=50K
19,Government,114647,Masters,12,Single,Tech,Wife,Asian,Female,4217,2407,1,India,<=50K
69,Private,45031,PhD,11,Divorced,Sales,Wife,Other,Female,80,822,29,Canada,<=50K
45,Government,184001,HS-grad,1,Married,Sales,Not-in-family,Other,Male,2732,3702,51,Canada,<=50K
60,Government,337891,HS-grad,1,Single,Service,Husband,Other,Female,7833,2939,64,Canada,<=50K
43,Government,461067,PhD,13,Divorced,Exec,Not-in-family,Black,Male,2709,4736,4,India,<=50K
39,Self-emp,327455,PhD,5,Single,Exec,Not-in-family,Other,Male,2422,1031,28,Canada,<=50K
64,Self-emp,246403,HS-grad,4,Divorced,Sales,Own-child,White,Male,3641,2016,16,Mexico,<=50K
60,Self-emp,75867,Masters,1,Divorced,Admin,Own-child,Black,Male,667,562,63,Mexico,<=50K
20,Government,98780,Some-college,4,Married,Admin,Not-in-family,Other,Female,2496,2538,76,Mexico,<=50K
52,Self-emp,67196,Some-college,3,Divorced,Tech,Not-in-family,Other,Female,3499,340,53,Mexico,<=50K
29,Self-emp,83705,PhD,2,Single,Tech,Wife,White,Male,9636,4567,17,United-States,<=50K
41,Private,330038,Some-college,9,Divorced,Service,Own-child,Black,Female,9537,3775,40,Mexico,<=50K
22,Self-emp,359784,HS-grad,14,Divorced,Sales,Own-child,Asian,Female,8080,2296,13,Canada,<=50K
37,Self-emp,286735,HS-grad,15,Married,Tech,Wife,Asian,Male,6823,234,52,India,<=50K
56,Government,107247,PhD,11,Divorced,Tech,Husband,Black,Female,1189,1116,58,Canada,>50K
56,Government,189965,PhD,1,Divorced,Sales,Own-child,Other,Male,6604,1908,37,Mexico,<=50K
30,Government,10727,PhD,7,Single,Service,Own-child,Other,Male,8650,1417,79,United-States,<=50K
58,Government,424575,Masters,14,Married,Tech,Husband,Asian,Male,9404,4919,76,Mexico,>50K
62,Government,53822,Some-college,13,Married,Service,Own-child,Asian,Male,9103,1291,61,India,>50K
29,Government,375543,PhD,4,Married,Exec,Own-child,Asian,Female,1025,3488,79,Canada,<=50K
30,Self-emp,122113,Bachelors,5,Divorced,Service,Husband,White,Male,7785,4727,34,India,<=50K
27,Government,229606,Bachelors,10,Married,Admin,Husband,Asian,Female,71,3654,70,India,<=50K
50,Government,402575,HS-grad,5,Divorced,Admin,Not-in-family,White,Male,5546,528,17,India,<=50K
57,Private,414145,Some-college,1,Divorced,Service,Wife,Black,Male,2685,3324,20,Canada,<=50K
33,Self-emp,400732,PhD,6,Single,Admin,Wife,Other,Female,9385,1980,73,Mexico,<=50K
62,Self-emp,70091,Bachelors,13,Single,Exec,Husband,Asian,Male,7372,2939,59,India,>50K
52,Self-emp,483594,Some-college,9,Single,Sales,Husband,Other,Female,1848,1329,69,Canada,<=50K
20,Government,164591,HS-grad,2,Single,Admin,Own-child,Other,Female,2022,1233,33,United-States,<=50K
22,Government,420609,Masters,7,Single,Admin,Not-in-family,Asian,Male,6338,1753,78,Canada,<=50K
43,Government,437534,Some-college,6,Divorced,Service,Not-in-family,Asian,Male,3741,2800,17,United-States,<=50K
28,Private,215603,Some-college,5,Divorced,Exec,Husband,Black,Male,1298,2933,57,Canada,<=50K
24,Government,366336,Masters,4,Married,Sales,Own-child,White,Male,4102,2759,1,Mexico,<=50K
27,Private,189006,Some-college,4,Divorced,Service,Own-child,White,Male,904,2775,13,India,<=50K
59,Self-emp,382949,HS-grad,6,Divorced,Service,Wife,Other,Male,3026,3487,27,Mexico,<=50K
69,Government,484319,HS-grad,4,Single,Exec,Wife,Asian,Female,6709,3850,70,Canada,<=50K
51,Private,169912,Masters,5,Divorced,Sales,Own-child,Black,Female,4711,2527,59,India,<=50K
20,Private,390233,PhD,13,Single,Exec,Wife,Black,Male,8021,4997,6,United-States,<=50K
25,Government,99367,Bachelors,6,Married,Sales,Husband,Black,Female,5969,890,23,Canada,<=50K
48,Self-emp,23265,PhD,5,Married,Exec,Own-child,Black,Female,2620,2065,10,India,<=50K
28,Self-emp,408640,Some-college,7,Divorced,Service,Wife,Black,Male,2646,1188,51,United-States,<=50K
62,Self-emp,423841,Bachelors,9,Married,Service,Not-in-family,White,Male,4865,4297,19,United-States,<=50K
24,Private,89622,Masters,10,Divorced,Tech,Own-child,White,Female,7345,740,51,Mexico,<=50K
62,Private,170259,Masters,7,Married,Admin,Own-child,White,Male,2289,1369,68,Canada,<=50K
19,Private,308073,Bachelors,7,Single,Exec,Not-in-family,Asian,Female,7370,1389,42,United-States,<=50K
23,Private,334036,HS-grad,4,Single,Tech,Husband,Other,Male,3872,2000,57,India,<=50K
58,Self-emp,161611,Bachelors,1,Single,Admin,Not-in-family,Black,Female,9677,1471,68,United-States,<=50K
49,Government,328774,Some-college,14,Single,Exec,Own-child,Asian,Female,7690,1536,38,United-States,<=50K
37,Private,231711,HS-grad,8,Divorced,Sales,Husband,Black,Female,1440,318,62,Mexico,<=50K
51,Private,496626,Masters,4,Married,Admin,Wife,White,Female,765,2264,7,Mexico,<=50K
67,Self-emp,412431,Bachelors,1,Divorced,Service,Wife,Asian,Male,4092,1894,71,India,<=50K
33,Government,180457,PhD,5,Single,Tech,Wife,White,Male,9341,3711,50,Mexico,<=50K
42,Government,141025,PhD,14,Divorced,Admin,Own-child,Black,Female,2666,4819,52,United-States,>50K
29,Self-emp,97580,Some-college,14,Married,Admin,Not-in-family,Black,Female,8655,2822,26,United-States,<=50K
24,Self-emp,349606,PhD,8,Divorced,Service,Husband,Other,Male,5968,4508,26,Mexico,<=50K
56,Government,123396,Bachelors,4,Married,Exec,Wife,Black,Male,7641,1275,19,United-States,<=50K
34,Private,369181,Bachelors,13,Divorced,Sales,Husband,White,Female,2181,3083,9,United-States,<=50K
62,Government,105310,PhD,12,Married,Service,Own-child,Black,Female,9834,400,61,India,>50K
28,Self-emp,166080,Bachelors,8,Married,Sales,Wife,Other,Female,3888,723,20,Mexico,<=50K
23,Private,321072,Some-college,8,Single,Exec,Own-child,Other,Female,840,2329,50,United-States,<=50K
40,Private,224168,HS-grad,3,Married,Admin,Not-in-family,White,Female,5899,1135,22,Mexico,<=50K
44,Self-emp,99876,Some-college,9,Single,Sales,Own-child,Asian,Male,4118,2770,13,India,<=50K
63,Self-emp,34976,Some-college,3,Single,Tech,Own-child,Black,Female,565,4846,12,Mexico,<=50K
23,Self-emp,255014,Bachelors,1,Single,Tech,Not-in-family,Other,Male,6005,267,10,United-States,<=50K
55,Government,397128,HS-grad,2,Divorced,Service,Husband,Black,Male,9156,569,65,Mexico,<=50K
19,Government,168698,Bachelors,15,Divorced,Exec,Not-in-family,Black,Male,9187,2556,30,United-States,<=50K
39,Private,370400,Masters,6,Divorced,Service,Not-in-family,Asian,Female,7226,1973,8,United-States,<=50K
37,Self-emp,372681,Bachelors,12,Divorced,Service,Own-child,Other,Male,9379,545,21,United-States,<=50K
42,Private,200861,Bachelors,10,Married,Service,Husband,Black,Male,5890,2822,22,India,<=50K
32,Private,407916,Bachelors,2,Married,Tech,Wife,Other,Male,4311,4460,18,Mexico,<=50K
66,Private,119331,HS-grad,6,Divorced,Tech,Not-in-family,White,Male,7736,4642,66,India,<=50K
46,Private,204717,Bachelors,14,Married,Service,Husband,White,Female,8848,270,48,Mexico,>50K
25,Self-emp,261666,HS-grad,1,Married,Tech,Not-in-family,Black,Female,2982,738,44,India,<=50K
54,Private,476612,PhD,11,Single,Exec,Not-in-family,Other,Male,9305,1257,9,Canada,<=50K
66,Self-emp,279670,Masters,13,Single,Service,Not-in-family,Black,Male,6083,58,67,United-States,>50K
69,Self-emp,113863,HS-grad,1,Single,Tech,Not-in-family,Other,Female,556,4181,54,United-States,<=50K
50,Government,442716,PhD,5,Single,Sales,Own-child,Other,Female,3019,4858,26,India,<=50K
39,Self-emp,209121,HS-grad,10,Married,Service,Husband,Asian,Female,2580,389,26,Canada,<=50K
67,Government,345510,HS-grad,13,Divorced,Service,Husband,Asian,Male,8146,718,34,United-States,<=50K
64,Self-emp,483533,Masters,11,Married,Exec,Husband,Asian,Female,8243,4244,8,Mexico,<=50K
22,Self-emp,462333,Some-college,9,Married,Admin,Not-in-family,Black,Male,9553,4678,10,India,<=50K
56,Self-emp,66096,Some-college,14,Married,Admin,Own-child,Asian,Male,9386,120,48,United-States,>50K
35,Government,148982,HS-grad,8,Single,Exec,Not-in-family,Asian,Female,4019,2652,55,United-States,<=50K
55,Government,484599,Bachelors,3,Single,Exec,Not-in-family,White,Male,3138,2303,54,India,<=50K
54,Private,343329,PhD,15,Single,Exec,Husband,Other,Female,9840,4861,78,India,>50K
