age,workclass,fnlwgt,education,education-num,marital-status,occupation,relationship,race,sex,capital-gain,capital-loss,hours-per-week,native-country,income
58,Private,164194,HS-grad,11,Never-married,Sales,Not-in-family,Asian-Pac-Islander,Male,10000,1000,22,United-States,<=50K
23,Self-emp-not-inc,284951,Bachelors,8,Divorced,Sales,Own-child,White,Female,10000,0,20,India,<=50K
62,State-gov,165684,Some-college,10,Never-married,Exec-managerial,Not-in-family,White,Female,0,0,42,Canada,<=50K
20,Federal-gov,85444,Some-college,14,Never-married,Prof-specialty,Wife,Asian-Pac-Islander,Female,10000,0,24,United-States,<=50K
60,Private,142049,Bachelors,9,Married-civ-spouse,Exec-managerial,Own-child,Asian-Pac-Islander,Female,0,0,42,India,>50K
60,Private,339360,Masters,10,Divorced,Sales,Husband,Black,Female,0,0,40,United-States,>50K
32,State-gov,230325,HS-grad,12,Never-married,Sales,Wife,White,Female,5000,1000,29,Canada,<=50K
26,Federal-gov,302579,Bachelors,12,Divorced,Prof-specialty,Own-child,Asian-Pac-Islander,Female,0,0,28,Mexico,<=50K
23,Private,100132,HS-grad,10,Divorced,Adm-clerical,Not-in-family,Black,Female,10000,1000,53,Canada,<=50K
53,Private,377412,HS-grad,16,Married-civ-spouse,Exec-managerial,Not-in-family,Black,Female,0,1000,20,Canada,<=50K
50,Private,347837,Bachelors,12,Divorced,Prof-specialty,Husband,White,Female,0,0,58,Canada,>50K
49,Private,210306,HS-grad,12,Never-married,Tech-support,Husband,Asian-Pac-Islander,Male,0,1000,24,India,<=50K
26,Federal-gov,106574,Some-college,12,Divorced,Prof-specialty,Own-child,White,Male,0,1000,43,Mexico,<=50K
51,Private,149973,Some-college,11,Never-married,Exec-managerial,Not-in-family,Asian-Pac-Islander,Male,10000,0,20,United-States,<=50K
63,Self-emp-not-inc,55337,HS-grad,8,Married-civ-spouse,Tech-support,Husband,Black,Female,0,0,56,Mexico,<=50K
33,Local-gov,119829,Some-college,9,Never-married,Adm-clerical,Wife,Black,Female,5000,0,26,United-States,<=50K
43,Private,150367,Masters,11,Never-married,Prof-specialty,Own-child,White,Female,0,0,49,India,>50K
22,Federal-gov,71332,Some-college,8,Divorced,Prof-specialty,Not-in-family,White,Male,0,1000,51,Mexico,<=50K
31,Private,106317,Some-college,14,Never-married,Adm-clerical,Wife,Black,Female,5000,1000,29,India,<=50K
36,Federal-gov,304266,Bachelors,8,Divorced,Exec-managerial,Not-in-family,White,Female,10000,0,23,United-States,>50K
29,Federal-gov,55631,HS-grad,11,Married-civ-spouse,Tech-support,Husband,Asian-Pac-Islander,Male,10000,0,46,Canada,<=50K
34,State-gov,145140,Bachelors,12,Married-civ-spouse,Sales,Wife,Black,Female,0,0,49,United-States,<=50K
22,Self-emp-not-inc,285229,Assoc-acdm,12,Never-married,Exec-managerial,Not-in-family,White,Female,0,0,48,Canada,<=50K
57,Private,370152,Assoc-acdm,16,Married-civ-spouse,Tech-support,Husband,Black,Male,0,0,37,Canada,<=50K
56,Self-emp-not-inc,380446,Bachelors,12,Divorced,Adm-clerical,Wife,White,Male,5000,0,22,United-States,>50K
39,State-gov,104715,Bachelors,15,Divorced,Adm-clerical,Not-in-family,White,Male,0,0,43,India,>50K
45,State-gov,40916,Bachelors,13,Never-married,Sales,Not-in-family,Black,Female,10000,0,35,India,<=50K
29,Private,114036,Some-college,13,Married-civ-spouse,Sales,Wife,White,Male,5000,0,50,India,<=50K
30,State-gov,180007,Some-college,11,Never-married,Tech-support,Husband,Black,Female,0,0,37,Canada,<=50K
59,Local-gov,376263,Assoc-acdm,16,Married-civ-spouse,Tech-support,Not-in-family,Black,Male,10000,0,22,United-States,<=50K
56,State-gov,184457,Some-college,14,Divorced,Prof-specialty,Not-in-family,Black,Male,0,0,47,United-States,<=50K
51,Self-emp-not-inc,210956,Assoc-acdm,14,Never-married,Exec-managerial,Wife,Asian-Pac-Islander,Male,0,0,46,Canada,<=50K
43,Self-emp-not-inc,240434,Masters,14,Divorced,Sales,Wife,Black,Male,0,0,33,Mexico,>50K
55,State-gov,263787,Assoc-acdm,15,Married-civ-spouse,Sales,Own-child,Asian-Pac-Islander,Male,0,0,52,Canada,<=50K
23,State-gov,137776,Bachelors,11,Never-married,Tech-support,Not-in-family,White,Female,10000,0,49,Mexico,<=50K
58,Self-emp-not-inc,396620,Assoc-acdm,14,Married-civ-spouse,Adm-clerical,Husband,White,Male,0,1000,34,India,<=50K
62,Local-gov,46328,Assoc-acdm,16,Never-married,Tech-support,Own-child,White,Female,10000,0,48,Mexico,<=50K
53,Self-emp-not-inc,268866,Some-college,15,Married-civ-spouse,Sales,Wife,Asian-Pac-Islander,Female,0,0,48,United-States,<=50K
63,State-gov,187619,Masters,16,Never-married,Sales,Husband,White,Female,0,0,24,Mexico,<=50K
44,Local-gov,52645,Masters,11,Married-civ-spouse,Adm-clerical,Not-in-family,Asian-Pac-Islander,Female,5000,0,42,Canada,>50K
42,Federal-gov,306330,Some-college,11,Married-civ-spouse,Sales,Wife,Black,Female,0,1000,41,Mexico,<=50K
64,Self-emp-not-inc,346241,Bachelors,16,Never-married,Adm-clerical,Not-in-family,White,Female,0,1000,31,United-States,>50K
34,State-gov,130970,Some-college,15,Married-civ-spouse,Exec-managerial,Own-child,Black,Female,0,0,50,United-States,<=50K
65,Private,203480,Assoc-acdm,11,Divorced,Tech-support,Not-in-family,White,Male,0,0,59,India,<=50K
33,Local-gov,370989,Bachelors,9,Divorced,Sales,Own-child,Asian-Pac-Islander,Female,0,0,58,United-States,<=50K
28,Private,323397,Masters,8,Married-civ-spouse,Prof-specialty,Own-child,Black,Male,0,0,26,Canada,<=50K
61,Private,316711,Assoc-acdm,8,Married-civ-spouse,Prof-specialty,Own-child,Asian-Pac-Islander,Female,0,0,20,Mexico,<=50K
49,Local-gov,209890,HS-grad,15,Divorced,Sales,Own-child,White,Female,10000,1000,49,Mexico,<=50K
64,State-gov,188980,Assoc-acdm,11,Never-married,Exec-managerial,Own-child,White,Female,10000,1000,41,United-States,<=50K
49,Self-emp-not-inc,206030,Masters,12,Married-civ-spouse,Exec-managerial,Wife,Asian-Pac-Islander,Male,10000,0,25,India,<=50K
64,Local-gov,311072,Some-college,11,Divorced,Adm-clerical,Own-child,Black,Male,0,0,34,Mexico,<=50K
62,Federal-gov,213472,Bachelors,15,Divorced,Prof-specialty,Wife,Black,Female,0,1000,37,Canada,>50K
34,Private,398160,Bachelors,11,Married-civ-spouse,Tech-support,Husband,White,Male,5000,0,57,Canada,<=50K
24,State-gov,139266,Bachelors,13,Never-married,Exec-managerial,Not-in-family,Asian-Pac-Islander,Male,0,0,23,Canada,<=50K
62,Local-gov,73785,Bachelors,8,Divorced,Exec-managerial,Own-child,Black,Female,0,0,23,Canada,>50K
48,Private,230086,HS-grad,15,Never-married,Prof-specialty,Not-in-family,White,Male,10000,0,25,India,<=50K
25,Local-gov,337885,Assoc-acdm,11,Divorced,Adm-clerical,Own-child,Black,Female,10000,1000,39,United-States,<=50K
57,Self-emp-not-inc,347950,HS-grad,11,Married-civ-spouse,Tech-support,Husband,White,Male,10000,0,30,United-States,<=50K
44,Federal-gov,266369,Some-college,12,Never-married,Sales,Wife,Asian-Pac-Islander,Female,5000,0,34,Canada,<=50K
58,Self-emp-not-inc,242895,Assoc-acdm,9,Divorced,Sales,Husband,Black,Male,0,0,30,Canada,<=50K
56,State-gov,250242,Assoc-acdm,9,Married-civ-spouse,Exec-managerial,Own-child,Black,Female,5000,0,58,United-States,<=50K
45,Private,67881,Masters,11,Divorced,Prof-specialty,Not-in-family,Asian-Pac-Islander,Female,10000,0,31,Mexico,>50K
51,State-gov,115152,Some-college,14,Divorced,Adm-clerical,Not-in-family,Black,Female,5000,0,40,United-States,<=50K
28,Local-gov,383684,Masters,15,Married-civ-spouse,Adm-clerical,Not-in-family,Black,Male,0,0,40,United-States,<=50K
43,Private,364803,Assoc-acdm,16,Married-civ-spouse,Adm-clerical,Not-in-family,White,Female,10000,1000,60,Mexico,<=50K
21,State-gov,307949,Bachelors,10,Married-civ-spouse,Adm-clerical,Own-child,White,Male,10000,0,30,Canada,<=50K
53,Federal-gov,233904,HS-grad,9,Never-married,Tech-support,Own-child,White,Male,5000,0,52,Canada,<=50K
44,Local-gov,147785,Some-college,15,Divorced,Sales,Own-child,White,Male,0,0,46,Canada,<=50K
50,State-gov,176529,Masters,15,Never-married,Adm-clerical,Own-child,Black,Female,10000,1000,49,Canada,>50K
30,Federal-gov,220787,Bachelors,11,Married-civ-spouse,Tech-support,Wife,Asian-Pac-Islander,Female,5000,1000,29,Mexico,<=50K
20,Federal-gov,329424,Bachelors,13,Never-married,Adm-clerical,Not-in-family,Asian-Pac-Islander,Female,0,0,46,India,<=50K
22,State-gov,197503,Some-college,14,Divorced,Tech-support,Wife,Asian-Pac-Islander,Female,0,1000,54,United-States,<=50K
57,Self-emp-not-inc,350910,HS-grad,12,Never-married,Tech-support,Own-child,White,Male,5000,0,39,United-States,<=50K
20,Private,173809,Masters,13,Married-civ-spouse,Adm-clerical,Husband,White,Female,10000,0,30,India,<=50K
23,Local-gov,344906,Assoc-acdm,11,Married-civ-spouse,Prof-specialty,Husband,White,Female,0,1000,36,United-States,<=50K
47,Self-emp-not-inc,58724,Masters,15,Married-civ-spouse,Prof-specialty,Wife,Asian-Pac-Islander,Female,0,1000,39,India,>50K
42,Private,144364,Some-college,14,Divorced,Exec-managerial,Wife,Asian-Pac-Islander,Female,0,1000,37,United-States,<=50K
54,Federal-gov,280428,HS-grad,12,Never-married,Prof-specialty,Wife,White,Male,10000,0,28,United-States,<=50K
58,State-gov,251118,HS-grad,8,Divorced,Exec-managerial,Husband,White,Female,0,1000,31,India,<=50K
26,State-gov,298319,Assoc-acdm,16,Married-civ-spouse,Sales,Wife,Black,Female,0,0,49,United-States,<=50K
27,Local-gov,312192,Bachelors,13,Never-married,Adm-clerical,Not-in-family,Black,Male,5000,0,36,Mexico,<=50K
58,Self-emp-not-inc,267189,Masters,8,Divorced,Prof-specialty,Wife,Asian-Pac-Islander,Male,0,1000,39,Mexico,<=50K
25,Private,39509,Bachelors,12,Married-civ-spouse,Tech-support,Not-in-family,White,Male,5000,1000,43,Mexico,<=50K
55,Private,276558,Bachelors,14,Married-civ-spouse,Tech-support,Wife,White,Female,5000,0,43,United-States,>50K
61,State-gov,51745,Masters,14,Married-civ-spouse,Sales,Not-in-family,Black,Male,0,0,23,Canada,>50K
33,Federal-gov,127586,Bachelors,9,Divorced,Sales,Husband,White,Female,0,0,37,India,<=50K
26,State-gov,111486,Assoc-acdm,9,Divorced,Tech-support,Husband,White,Female,0,0,21,India,<=50K
34,Self-emp-not-inc,240704,HS-grad,16,Never-married,Tech-support,Own-child,Black,Female,10000,0,48,India,<=50K
57,Federal-gov,178141,HS-grad,15,Divorced,Tech-support,Not-in-family,Black,Female,5000,0,51,Mexico,<=50K
22,State-gov,338923,HS-grad,10,Never-married,Sales,Wife,Asian-Pac-Islander,Female,5000,0,49,Mexico,<=50K
24,Federal-gov,397927,HS-grad,11,Married-civ-spouse,Adm-clerical,Husband,Black,Female,5000,1000,46,United-States,<=50K
38,State-gov,368708,Some-college,12,Married-civ-spouse,Sales,Own-child,White,Male,0,0,47,United-States,<=50K
65,Federal-gov,51447,Masters,16,Divorced,Exec-managerial,Not-in-family,Black,Female,5000,0,38,Canada,>50K
40,Federal-gov,286030,HS-grad,11,Never-married,Adm-clerical,Husband,White,Female,10000,0,27,Canada,<=50K
54,Federal-gov,345962,Bachelors,16,Never-married,Prof-specialty,Wife,White,Male,0,0,41,Canada,>50K
18,Self-emp-not-inc,316915,Bachelors,14,Never-married,Sales,Not-in-family,White,Male,5000,1000,49,Canada,<=50K
28,State-gov,398324,Masters,13,Divorced,Prof-specialty,Not-in-family,White,Male,0,0,25,Canada,<=50K
46,Local-gov,338282,Some-college,15,Married-civ-spouse,Exec-managerial,Husband,Asian-Pac-Islander,Male,0,1000,27,Canada,<=50K
61,Local-gov,296265,Assoc-acdm,12,Never-married,Sales,Own-child,Asian-Pac-Islander,Male,0,0,39,India,<=50K
26,State-gov,192030,Masters,9,Never-married,Adm-clerical,Own-child,White,Male,5000,0,52,Canada,<=50K
22,Private,248704,Some-college,8,Married-civ-spouse,Tech-support,Wife,Asian-Pac-Islander,Female,10000,1000,60,Mexico,<=50K
36,Local-gov,30934,HS-grad,13,Never-married,Prof-specialty,Own-child,Asian-Pac-Islander,Female,0,1000,26,India,<=50K
45,Local-gov,294707,Assoc-acdm,9,Married-civ-spouse,Exec-managerial,Wife,White,Female,0,0,52,United-States,<=50K
51,Self-emp-not-inc,203173,Assoc-acdm,13,Divorced,Sales,Husband,White,Male,0,0,31,India,<=50K
59,Self-emp-not-inc,349226,HS-grad,15,Married-civ-spouse,Prof-specialty,Own-child,Asian-Pac-Islander,Female,0,0,48,United-States,<=50K
48,State-gov,164008,Some-college,8,Married-civ-spouse,Prof-specialty,Not-in-family,Black,Female,5000,0,23,Canada,<=50K
36,Private,342441,HS-grad,16,Married-civ-spouse,Adm-clerical,Not-in-family,Black,Male,0,1000,52,India,<=50K
21,Private,200060,Some-college,9,Divorced,Sales,Not-in-family,White,Female,5000,0,43,Canada,<=50K
36,Local-gov,197401,Some-college,8,Divorced,Exec-managerial,Not-in-family,Black,Male,10000,1000,38,Canada,<=50K
64,Self-emp-not-inc,194777,Assoc-acdm,9,Divorced,Sales,Wife,Black,Female,0,0,39,Mexico,<=50K
59,Federal-gov,68996,Masters,14,Divorced,Exec-managerial,Not-in-family,Black,Female,0,0,41,Mexico,>50K
30,Self-emp-not-inc,101235,Bachelors,9,Married-civ-spouse,Tech-support,Not-in-family,Asian-Pac-Islander,Female,10000,0,58,Mexico,<=50K
27,Self-emp-not-inc,383250,Bachelors,10,Divorced,Adm-clerical,Not-in-family,Black,Female,0,1000,59,Canada,<=50K
65,Self-emp-not-inc,299975,Some-college,11,Married-civ-spouse,Adm-clerical,Husband,Black,Female,5000,0,44,Mexico,<=50K
28,Federal-gov,92560,Bachelors,12,Never-married,Adm-clerical,Wife,Asian-Pac-Islander,Male,10000,0,38,United-States,<=50K
28,Local-gov,289144,Masters,10,Married-civ-spouse,Tech-support,Husband,Black,Female,0,1000,23,Mexico,<=50K
50,Private,216562,Masters,11,Never-married,Exec-managerial,Not-in-family,Asian-Pac-Islander,Female,0,0,22,Canada,<=50K
48,Local-gov,255196,Bachelors,8,Never-married,Tech-support,Wife,White,Male,10000,1000,27,Canada,>50K
33,Private,45034,Masters,11,Married-civ-spouse,Prof-specialty,Own-child,White,Male,5000,0,60,India,<=50K
63,Private,342337,Bachelors,13,Never-married,Prof-specialty,Own-child,White,Male,10000,0,24,United-States,<=50K
42,Private,353274,Some-college,14,Married-civ-spouse,Exec-managerial,Not-in-family,Black,Male,0,0,60,United-States,<=50K
55,State-gov,306268,Masters,13,Divorced,Sales,Own-child,Asian-Pac-Islander,Female,0,0,24,Mexico,<=50K
20,Self-emp-not-inc,42967,Masters,11,Never-married,Exec-managerial,Wife,Asian-Pac-Islander,Female,10000,1000,36,United-States,<=50K
59,Private,363792,Bachelors,13,Married-civ-spouse,Tech-support,Wife,Black,Female,5000,1000,41,India,<=50K
49,State-gov,292250,Some-college,12,Never-married,Adm-clerical,Not-in-family,Black,Male,10000,0,40,United-States,<=50K
23,State-gov,180692,Masters,15,Divorced,Adm-clerical,Husband,Asian-Pac-Islander,Female,0,1000,22,Canada,<=50K
57,State-gov,355266,Some-college,8,Never-married,Adm-clerical,Wife,Asian-Pac-Islander,Male,0,0,58,Mexico,<=50K
20,Private,143729,Bachelors,13,Married-civ-spouse,Adm-clerical,Not-in-family,Asian-Pac-Islander,Male,5000,0,43,Mexico,<=50K
22,Self-emp-not-inc,297589,Assoc-acdm,13,Married-civ-spouse,Exec-managerial,Wife,White,Male,0,0,51,Mexico,<=50K
53,State-gov,156466,HS-grad,15,Never-married,Prof-specialty,Wife,Asian-Pac-Islander,Female,0,0,28,United-States,<=50K
46,Local-gov,66027,Bachelors,13,Divorced,Exec-managerial,Not-in-family,Asian-Pac-Islander,Female,0,0,60,India,>50K
41,Self-emp-not-inc,83628,Assoc-acdm,11,Never-married,Sales,Own-child,White,Female,10000,0,49,India,<=50K
57,Private,182157,HS-grad,14,Divorced,Adm-clerical,Own-child,Black,Male,0,0,24,Mexico,<=50K
47,State-gov,87284,Assoc-acdm,16,Divorced,Prof-specialty,Husband,White,Female,10000,0,27,India,<=50K
37,Self-emp-not-inc,201415,Bachelors,16,Married-civ-spouse,Tech-support,Wife,White,Female,0,0,59,United-States,<=50K
50,Federal-gov,100842,Bachelors,10,Divorced,Prof-specialty,Wife,Asian-Pac-Islander,Male,0,0,22,Canada,>50K
59,Local-gov,344066,Bachelors,8,Married-civ-spouse,Prof-specialty,Wife,Asian-Pac-Islander,Female,5000,0,45,Canada,>50K
47,Private,102879,HS-grad,15,Married-civ-spouse,Adm-clerical,Own-child,White,Female,10000,0,40,Canada,<=50K
64,Self-emp-not-inc,214269,Masters,16,Divorced,Tech-support,Wife,White,Female,0,0,48,India,>50K
27,Private,172154,HS-grad,14,Divorced,Adm-clerical,Husband,White,Female,10000,0,32,India,<=50K
49,Local-gov,281493,Assoc-acdm,12,Married-civ-spouse,Tech-support,Not-in-family,Black,Female,0,0,57,Canada,<=50K
21,State-gov,279467,HS-grad,15,Married-civ-spouse,Prof-specialty,Not-in-family,White,Female,0,0,43,Mexico,<=50K
41,Local-gov,46821,HS-grad,16,Never-married,Exec-managerial,Wife,White,Female,10000,1000,55,Canada,<=50K
57,Private,87456,Assoc-acdm,9,Married-civ-spouse,Exec-managerial,Wife,Asian-Pac-Islander,Female,0,0,58,Mexico,<=50K
50,Private,40402,HS-grad,10,Divorced,Exec-managerial,Own-child,Asian-Pac-Islander,Female,0,0,40,Canada,<=50K
28,Federal-gov,176884,Some-college,13,Divorced,Prof-specialty,Own-child,Asian-Pac-Islander,Female,5000,0,43,Canada,<=50K
61,Local-gov,326028,HS-grad,12,Divorced,Tech-support,Own-child,Black,Male,0,1000,30,Mexico,<=50K
27,Private,320191,Bachelors,9,Never-married,Tech-support,Own-child,Black,Female,0,1000,33,Mexico,<=50K
50,Local-gov,52653,Assoc-acdm,10,Divorced,Sales,Wife,Asian-Pac-Islander,Female,10000,1000,40,India,<=50K
47,State-gov,306404,Assoc-acdm,13,Divorced,Exec-managerial,Own-child,White,Male,0,0,34,Canada,<=50K
36,Local-gov,186220,Bachelors,15,Married-civ-spouse,Prof-specialty,Wife,Black,Male,10000,1000,45,Canada,>50K
27,Private,170801,Masters,9,Married-civ-spouse,Adm-clerical,Wife,Asian-Pac-Islander,Female,0,0,54,Canada,<=50K
53,Federal-gov,327668,Masters,11,Never-married,Tech-support,Husband,Asian-Pac-Islander,Male,0,0,46,Canada,<=50K
63,Private,377140,Some-college,10,Never-married,Prof-specialty,Husband,Black,Female,5000,0,38,Canada,<=50K
36,Private,361992,HS-grad,11,Divorced,Tech-support,Husband,Black,Male,0,1000,51,India,<=50K
65,Private,176443,Masters,9,Married-civ-spouse,Exec-managerial,Own-child,Asian-Pac-Islander,Female,0,1000,37,India,>50K
25,Self-emp-not-inc,260603,Masters,12,Divorced,Sales,Not-in-family,Asian-Pac-Islander,Female,0,0,31,Mexico,<=50K
45,State-gov,65475,Assoc-acdm,14,Divorced,Tech-support,Husband,White,Female,0,0,20,Canada,<=50K
42,State-gov,192818,Bachelors,12,Divorced,Prof-specialty,Not-in-family,Black,Female,0,0,27,Mexico,>50K
37,Federal-gov,388866,Bachelors,12,Divorced,Tech-support,Wife,Black,Male,0,0,50,India,>50K
47,State-gov,238022,Assoc-acdm,16,Married-civ-spouse,Prof-specialty,Husband,White,Male,10000,1000,53,Canada,<=50K
22,Private,52379,Assoc-acdm,16,Divorced,Sales,Husband,White,Female,10000,1000,27,India,<=50K
63,Local-gov,67679,Assoc-acdm,16,Married-civ-spouse,Tech-support,Own-child,White,Female,5000,0,55,Mexico,<=50K
61,Local-gov,153408,Masters,8,Divorced,Sales,Not-in-family,White,Female,0,0,54,United-States,>50K
22,Private,170518,Some-college,14,Never-married,Sales,Own-child,Black,Female,5000,1000,44,United-States,<=50K
61,Self-emp-not-inc,362640,Assoc-acdm,13,Never-married,Sales,Own-child,Asian-Pac-Islander,Male,0,0,21,Canada,<=50K
47,Local-gov,298886,Assoc-acdm,14,Never-married,Sales,Own-child,Black,Male,0,0,27,United-States,<=50K
60,Federal-gov,28202,Some-college,11,Never-married,Tech-support,Not-in-family,Asian-Pac-Islander,Male,5000,0,35,United-States,<=50K
43,Self-emp-not-inc,302989,Some-college,11,Never-married,Sales,Wife,White,Female,10000,0,35,Canada,<=50K
27,Self-emp-not-inc,236824,Assoc-acdm,12,Married-civ-spouse,Tech-support,Husband,Asian-Pac-Islander,Female,10000,1000,23,Canada,<=50K
59,Federal-gov,187108,Some-college,14,Married-civ-spouse,Sales,Wife,Black,Male,10000,1000,35,India,<=50K
37,Private,314852,Bachelors,14,Married-civ-spouse,Prof-specialty,Husband,Black,Male,0,0,41,United-States,>50K
46,Self-emp-not-inc,47020,Masters,12,Married-civ-spouse,Prof-specialty,Not-in-family,White,Male,10000,0,50,India,<=50K
39,Private,131048,Masters,11,Divorced,Tech-support,Own-child,White,Male,5000,0,55,Canada,>50K
36,Local-gov,299786,Some-college,13,Married-civ-spouse,Exec-managerial,Wife,Asian-Pac-Islander,Female,5000,0,50,Canada,<=50K
31,State-gov,237018,Masters,8,Divorced,Sales,Husband,White,Female,10000,1000,38,India,<=50K
30,Self-emp-not-inc,219145,Masters,11,Married-civ-spouse,Prof-specialty,Wife,Black,Female,5000,1000,30,Canada,<=50K
28,Federal-gov,276018,Bachelors,10,Divorced,Tech-support,Not-in-family,White,Male,0,1000,28,India,<=50K
22,Private,134672,Bachelors,16,Married-civ-spouse,Exec-managerial,Not-in-family,Asian-Pac-Islander,Female,5000,0,20,Mexico,<=50K
18,Federal-gov,398636,HS-grad,12,Divorced,Exec-managerial,Not-in-family,Asian-Pac-Islander,Female,0,0,26,India,<=50K
33,Federal-gov,296014,Bachelors,12,Married-civ-spouse,Exec-managerial,Own-child,White,Female,5000,1000,56,India,<=50K
62,Private,362745,Bachelors,8,Never-married,Adm-clerical,Own-child,Black,Female,0,0,30,United-States,<=50K
49,State-gov,316671,Some-college,9,Divorced,Tech-support,Husband,White,Female,0,0,24,Canada,<=50K
52,Private,114033,Assoc-acdm,13,Never-married,Sales,Husband,Asian-Pac-Islander,Female,0,0,30,India,<=50K
54,Federal-gov,193921,Some-college,14,Divorced,Sales,Not-in-family,Asian-Pac-Islander,Female,0,0,47,India,<=50K
22,Federal-gov,341842,Masters,14,Married-civ-spouse,Tech-support,Wife,Black,Female,0,0,55,Mexico,<=50K
45,Local-gov,64928,Bachelors,12,Never-married,Tech-support,Not-in-family,Black,Male,5000,0,44,Canada,>50K
41,Private,22723,HS-grad,12,Married-civ-spouse,Exec-managerial,Wife,White,Male,0,0,47,Mexico,<=50K
53,Federal-gov,233932,Assoc-acdm,9,Never-married,Tech-support,Wife,Asian-Pac-Islander,Male,10000,0,44,United-States,<=50K
36,Local-gov,64406,Some-college,16,Never-married,Prof-specialty,Husband,Asian-Pac-Islander,Female,0,0,37,Canada,<=50K
35,Self-emp-not-inc,53170,Some-college,10,Married-civ-spouse,Exec-managerial,Own-child,Black,Female,0,0,36,India,<=50K
64,Federal-gov,343312,Some-college,11,Married-civ-spouse,Tech-support,Husband,Black,Male,5000,0,59,Mexico,<=50K
39,State-gov,245766,Some-college,10,Married-civ-spouse,Exec-managerial,Husband,Black,Female,0,1000,40,Canada,<=50K
65,Federal-gov,147100,Some-college,13,Married-civ-spouse,Exec-managerial,Own-child,Black,Male,10000,0,57,India,<=50K
61,Private,262022,Assoc-acdm,11,Married-civ-spouse,Exec-managerial,Not-in-family,Black,Female,0,0,35,Canada,<=50K
60,Local-gov,58779,Bachelors,15,Divorced,Adm-clerical,Own-child,Asian-Pac-Islander,Female,10000,0,43,United-States,>50K
24,State-gov,107209,Bachelors,8,Divorced,Adm-clerical,Wife,Black,Male,0,0,36,India,<=50K
50,Federal-gov,324358,Assoc-acdm,11,Married-civ-spouse,Exec-managerial,Own-child,Black,Male,0,0,50,United-States,<=50K
36,Private,80853,Some-college,10,Married-civ-spouse,Exec-managerial,Wife,Black,Male,10000,1000,42,Mexico,<=50K
24,Local-gov,187200,Some-college,9,Married-civ-spouse,Tech-support,Not-in-family,White,Female,0,0,35,India,<=50K
53,Local-gov,262249,Bachelors,11,Married-civ-spouse,Sales,Husband,Asian-Pac-Islander,Female,5000,0,59,India,>50K
46,Local-gov,223861,Assoc-acdm,8,Divorced,Sales,Husband,Black,Male,10000,0,54,India,<=50K
41,Private,157548,Masters,15,Divorced,Exec-managerial,Own-child,Asian-Pac-Islander,Female,10000,0,42,Canada,<=50K
47,Self-emp-not-inc,373154,Assoc-acdm,12,Divorced,Prof-specialty,Not-in-family,Asian-Pac-Islander,Male,0,0,35,Canada,<=50K
25,State-gov,383560,Bachelors,10,Divorced,Adm-clerical,Own-child,Asian-Pac-Islander,Male,10000,1000,47,India,<=50K
49,Self-emp-not-inc,310934,Assoc-acdm,10,Married-civ-spouse,Exec-managerial,Husband,White,Female,5000,0,42,United-States,<=50K
49,Local-gov,314430,Bachelors,16,Divorced,Adm-clerical,Own-child,Asian-Pac-Islander,Female,5000,1000,51,India,<=50K
23,Private,135620,Assoc-acdm,12,Never-married,Exec-managerial,Husband,Asian-Pac-Islander,Female,0,1000,56,Mexico,<=50K
53,Private,320267,Assoc-acdm,9,Married-civ-spouse,Prof-specialty,Wife,Asian-Pac-Islander,Male,5000,0,47,United-States,<=50K
65,Private,255789,Bachelors,12,Married-civ-spouse,Tech-support,Own-child,White,Male,0,0,59,Mexico,<=50K
28,Self-emp-not-inc,128328,Assoc-acdm,11,Never-married,Prof-specialty,Wife,Asian-Pac-Islander,Female,10000,0,40,Canada,<=50K
36,State-gov,289701,Assoc-acdm,9,Never-married,Adm-clerical,Not-in-family,Black,Male,0,0,29,Canada,<=50K
33,Local-gov,94538,Some-college,12,Divorced,Adm-clerical,Own-child,Black,Male,0,1000,52,Canada,<=50K
62,Local-gov,191593,Masters,8,Divorced,Tech-support,Own-child,Asian-Pac-Islander,Female,0,1000,33,Mexico,>50K
31,State-gov,189274,Some-college,12,Married-civ-spouse,Prof-specialty,Husband,Asian-Pac-Islander,Female,0,0,22,United-States,<=50K
58,Private,85136,Some-college,10,Married-civ-spouse,Adm-clerical,Not-in-family,Black,Male,0,0,30,Canada,<=50K
23,State-gov,63212,Masters,13,Divorced,Sales,Not-in-family,Black,Female,0,1000,25,United-States,<=50K
18,Local-gov,60862,Bachelors,10,Divorced,Sales,Own-child,White,Male,0,0,47,India,<=50K
48,Self-emp-not-inc,220838,HS-grad,9,Divorced,Tech-support,Not-in-family,Black,Female,0,0,44,India,<=50K
59,Federal-gov,24443,Bachelors,10,Married-civ-spouse,Exec-managerial,Husband,Asian-Pac-Islander,Male,5000,1000,33,United-States,<=50K
24,Private,329106,Bachelors,14,Married-civ-spouse,Adm-clerical,Wife,White,Male,0,0,35,Canada,<=50K
62,State-gov,127712,HS-grad,16,Divorced,Prof-specialty,Husband,Asian-Pac-Islander,Female,0,0,35,Mexico,<=50K
42,Self-emp-not-inc,281925,HS-grad,9,Divorced,Tech-support,Wife,Black,Male,5000,1000,43,India,<=50K
48,Private,327947,HS-grad,9,Never-married,Exec-managerial,Husband,White,Male,5000,0,60,Mexico,<=50K
45,Private,355826,Some-college,16,Divorced,Prof-specialty,Husband,Black,Male,0,0,52,India,<=50K
27,State-gov,224855,Assoc-acdm,9,Married-civ-spouse,Adm-clerical,Husband,White,Male,0,1000,27,Mexico,<=50K
57,Private,182157,Assoc-acdm,10,Never-married,Tech-support,Husband,Asian-Pac-Islander,Male,0,1000,42,Canada,<=50K
28,Self-emp-not-inc,160909,Masters,9,Never-married,Exec-managerial,Own-child,Black,Male,0,0,51,Mexico,<=50K
50,Federal-gov,107493,Masters,13,Never-married,Exec-managerial,Not-in-family,Asian-Pac-Islander,Male,0,0,22,United-States,<=50K
33,Local-gov,210828,HS-grad,14,Never-married,Sales,Not-in-family,Asian-Pac-Islander,Female,0,0,35,Mexico,<=50K
64,Private,319649,Masters,13,Never-married,Prof-specialty,Not-in-family,White,Male,10000,0,45,United-States,<=50K
47,State-gov,191599,Masters,9,Divorced,Adm-clerical,Not-in-family,Black,Male,0,0,59,India,>50K
47,Local-gov,122457,Masters,16,Never-married,Sales,Not-in-family,Black,Male,0,0,60,United-States,>50K
39,Local-gov,181224,HS-grad,9,Never-married,Prof-specialty,Husband,Black,Female,0,0,37,United-States,<=50K
20,Federal-gov,236560,Bachelors,13,Married-civ-spouse,Tech-support,Not-in-family,Asian-Pac-Islander,Male,5000,0,57,United-States,<=50K
45,State-gov,185155,Bachelors,14,Divorced,Exec-managerial,Wife,Black,Female,0,0,32,India,<=50K
55,Self-emp-not-inc,75395,HS-grad,10,Married-civ-spouse,Adm-clerical,Wife,Black,Male,10000,0,33,Mexico,<=50K
37,State-gov,82869,Some-college,9,Never-married,Exec-managerial,Not-in-family,White,Female,0,0,35,Canada,<=50K
43,Private,375039,Assoc-acdm,12,Married-civ-spouse,Sales,Not-in-family,Black,Female,10000,0,26,Mexico,<=50K
24,Private,26268,Bachelors,8,Never-married,Sales,Husband,Black,Female,0,0,24,United-States,<=50K
22,Local-gov,87523,Bachelors,9,Married-civ-spouse,Tech-support,Not-in-family,Black,Male,0,1000,45,Mexico,<=50K
19,Local-gov,110600,Some-college,13,Never-married,Sales,Wife,Black,Female,0,0,59,India,<=50K
59,Federal-gov,271150,Masters,8,Never-married,Exec-managerial,Own-child,White,Female,0,0,60,United-States,>50K
42,Local-gov,200372,Masters,16,Married-civ-spouse,Adm-clerical,Wife,White,Male,0,0,21,Canada,>50K
21,Federal-gov,207397,Some-college,11,Never-married,Tech-support,Husband,Asian-Pac-Islander,Male,0,0,34,Mexico,<=50K
40,Federal-gov,186725,Bachelors,13,Divorced,Tech-support,Wife,Asian-Pac-Islander,Male,10000,0,51,Canada,<=50K
29,Private,67320,Some-college,8,Never-married,Prof-specialty,Husband,White,Female,0,0,59,India,<=50K
26,Self-emp-not-inc,189653,Masters,8,Never-married,Sales,Husband,White,Female,0,0,45,United-States,<=50K
39,Self-emp-not-inc,249044,Masters,15,Divorced,Exec-managerial,Husband,Asian-Pac-Islander,Female,0,0,44,Canada,>50K
64,Private,388054,Masters,14,Divorced,Tech-support,Husband,Asian-Pac-Islander,Female,10000,0,60,United-States,<=50K
49,Private,144778,Bachelors,13,Married-civ-spouse,Sales,Not-in-family,Asian-Pac-Islander,Female,5000,0,36,India,>50K
33,State-gov,154562,HS-grad,9,Divorced,Tech-support,Not-in-family,Black,Female,5000,0,46,Mexico,<=50K
42,Private,271390,Masters,11,Never-married,Adm-clerical,Not-in-family,White,Female,0,0,36,United-States,>50K
22,Self-emp-not-inc,216848,Masters,10,Divorced,Tech-support,Not-in-family,Black,Female,0,1000,30,Mexico,<=50K
28,Private,193588,HS-grad,11,Never-married,Adm-clerical,Wife,Asian-Pac-Islander,Female,0,0,26,United-States,<=50K
43,Federal-gov,277398,Assoc-acdm,10,Never-married,Exec-managerial,Not-in-family,Black,Male,0,1000,32,United-States,<=50K
19,Self-emp-not-inc,354595,Bachelors,12,Never-married,Adm-clerical,Not-in-family,Black,Female,5000,1000,36,United-States,<=50K
59,Local-gov,116931,Assoc-acdm,13,Married-civ-spouse,Exec-managerial,Husband,Black,Male,0,1000,49,Canada,<=50K
32,Federal-gov,52316,Masters,10,Divorced,Tech-support,Not-in-family,Asian-Pac-Islander,Female,10000,1000,57,India,<=50K
53,Local-gov,293983,HS-grad,14,Divorced,Adm-clerical,Husband,Black,Female,0,1000,22,India,<=50K
25,Self-emp-not-inc,107642,Some-college,11,Never-married,Sales,Not-in-family,Black,Male,5000,0,60,India,<=50K
56,Private,65627,Masters,14,Divorced,Adm-clerical,Wife,Black,Female,0,1000,27,Mexico,>50K
27,Federal-gov,328246,Bachelors,9,Never-married,Prof-specialty,Not-in-family,Black,Female,5000,0,44,Mexico,<=50K
54,Local-gov,39642,Assoc-acdm,10,Married-civ-spouse,Adm-clerical,Husband,Asian-Pac-Islander,Female,0,1000,41,India,<=50K
21,State-gov,215266,Some-college,8,Married-civ-spouse,Exec-managerial,Wife,Black,Female,0,0,28,Canada,<=50K
65,State-gov,161253,Some-college,14,Divorced,Tech-support,Husband,Black,Male,5000,1000,53,Canada,<=50K
21,Self-emp-not-inc,54402,Assoc-acdm,12,Divorced,Prof-specialty,Own-child,White,Male,0,0,32,United-States,<=50K
33,Local-gov,46507,HS-grad,13,Divorced,Sales,Wife,Black,Female,10000,1000,60,United-States,<=50K
61,Self-emp-not-inc,215279,HS-grad,15,Divorced,Adm-clerical,Husband,Black,Female,0,0,36,United-States,<=50K
36,Local-gov,46031,HS-grad,10,Divorced,Sales,Husband,Asian-Pac-Islander,Male,0,0,46,United-States,<=50K
61,Local-gov,89370,HS-grad,10,Divorced,Tech-support,Husband,Black,Female,0,1000,44,Canada,<=50K
47,State-gov,375045,Masters,16,Divorced,Adm-clerical,Not-in-family,White,Female,10000,0,39,United-States,<=50K
48,State-gov,164956,HS-grad,13,Married-civ-spouse,Exec-managerial,Wife,White,Male,10000,0,23,Mexico,<=50K
60,Private,363618,Masters,15,Married-civ-spouse,Exec-managerial,Own-child,Black,Female,0,0,41,India,>50K
61,Local-gov,372252,Assoc-acdm,13,Divorced,Exec-managerial,Husband,Asian-Pac-Islander,Male,0,0,50,India,<=50K
65,Federal-gov,115980,Masters,13,Divorced,Tech-support,Husband,Black,Male,0,1000,41,Canada,>50K
34,State-gov,263144,Assoc-acdm,9,Married-civ-spouse,Tech-support,Not-in-family,Black,Male,10000,0,44,Canada,<=50K
44,Self-emp-not-inc,92018,HS-grad,11,Married-civ-spouse,Adm-clerical,Own-child,White,Female,0,0,51,Canada,<=50K
58,Private,22471,Bachelors,15,Married-civ-spouse,Sales,Husband,Asian-Pac-Islander,Male,5000,0,28,Mexico,>50K
58,Local-gov,244932,Some-college,15,Married-civ-spouse,Tech-support,Not-in-family,Asian-Pac-Islander,Male,0,0,40,India,<=50K
19,Self-emp-not-inc,138628,HS-grad,13,Married-civ-spouse,Sales,Not-in-family,Black,Female,0,0,22,Canada,<=50K
36,Federal-gov,332669,Some-college,16,Married-civ-spouse,Adm-clerical,Husband,Black,Female,0,0,30,Mexico,<=50K
19,Self-emp-not-inc,88789,Bachelors,11,Divorced,Tech-support,Husband,White,Female,0,1000,60,Canada,<=50K
52,Private,331387,Assoc-acdm,8,Divorced,Tech-support,Not-in-family,White,Male,5000,1000,44,United-States,<=50K
53,Self-emp-not-inc,127738,Masters,8,Married-civ-spouse,Adm-clerical,Not-in-family,Asian-Pac-Islander,Female,10000,0,46,United-States,>50K
50,Private,168219,Assoc-acdm,9,Never-married,Adm-clerical,Husband,Asian-Pac-Islander,Male,0,0,42,Mexico,<=50K
36,Local-gov,128891,Bachelors,15,Married-civ-spouse,Sales,Not-in-family,White,Male,0,1000,29,United-States,<=50K
50,Private,154161,HS-grad,11,Married-civ-spouse,Exec-managerial,Wife,Black,Male,0,0,22,Canada,<=50K
41,Private,69806,Masters,8,Never-married,Sales,Husband,Black,Female,5000,0,25,Canada,>50K
39,Local-gov,259357,Bachelors,12,Married-civ-spouse,Adm-clerical,Own-child,Asian-Pac-Islander,Male,0,0,23,India,<=50K
24,Federal-gov,273060,Some-college,15,Never-married,Prof-specialty,Own-child,Black,Male,0,1000,51,United-States,<=50K
44,Private,53206,Some-college,12,Divorced,Exec-managerial,Not-in-family,Asian-Pac-Islander,Male,0,0,47,India,<=50K
48,Local-gov,97937,Masters,16,Divorced,Tech-support,Not-in-family,Asian-Pac-Islander,Male,10000,1000,51,India,>50K
22,State-gov,146296,Some-college,13,Married-civ-spouse,Tech-support,Husband,Asian-Pac-Islander,Female,5000,0,25,Mexico,<=50K
46,Local-gov,66147,Assoc-acdm,15,Married-civ-spouse,Exec-managerial,Not-in-family,Black,Male,0,1000,46,United-States,<=50K
53,Private,67655,Assoc-acdm,12,Divorced,Prof-specialty,Husband,Asian-Pac-Islander,Female,0,0,23,India,<=50K
47,Federal-gov,334547,Masters,15,Divorced,Exec-managerial,Own-child,White,Male,0,0,41,Canada,>50K
58,State-gov,388100,Masters,9,Never-married,Sales,Own-child,White,Female,0,0,59,India,>50K
30,Local-gov,133030,HS-grad,15,Never-married,Exec-managerial,Not-in-family,Black,Male,10000,0,48,Mexico,<=50K
60,Federal-gov,90588,Assoc-acdm,15,Never-married,Prof-specialty,Not-in-family,Asian-Pac-Islander,Female,10000,1000,52,India,<=50K
62,Self-emp-not-inc,87309,Assoc-acdm,9,Married-civ-spouse,Prof-specialty,Wife,Asian-Pac-Islander,Female,5000,0,37,Mexico,<=50K
39,Self-emp-not-inc,92446,Masters,14,Divorced,Prof-specialty,Wife,Asian-Pac-Islander,Female,10000,0,32,India,>50K
57,Self-emp-not-inc,392452,Masters,10,Divorced,Prof-specialty,Wife,Asian-Pac-Islander,Male,0,1000,57,Mexico,>50K
61,State-gov,241452,Assoc-acdm,8,Divorced,Tech-support,Not-in-family,Black,Male,0,0,32,Canada,<=50K
28,State-gov,96770,Masters,8,Divorced,Exec-managerial,Husband,Asian-Pac-Islander,Male,0,1000,26,India,<=50K
65,Local-gov,144568,Assoc-acdm,16,Divorced,Exec-managerial,Not-in-family,Black,Female,5000,0,55,United-States,<=50K
18,Self-emp-not-inc,345353,Masters,15,Never-married,Exec-managerial,Husband,Asian-Pac-Islander,Male,0,1000,31,United-States,<=50K
29,Federal-gov,82575,Bachelors,14,Never-married,Adm-clerical,Wife,Asian-Pac-Islander,Female,0,0,57,Canada,<=50K
18,Local-gov,392081,Masters,10,Never-married,Sales,Wife,Asian-Pac-Islander,Male,10000,0,51,Canada,<=50K
22,Federal-gov,135323,Masters,10,Divorced,Tech-support,Husband,Black,Female,0,0,34,India,<=50K
60,State-gov,134528,Masters,16,Married-civ-spouse,Prof-specialty,Not-in-family,White,Female,5000,0,59,India,>50K
20,Local-gov,79440,Masters,14,Married-civ-spouse,Prof-specialty,Wife,White,Female,10000,1000,51,United-States,<=50K
36,Private,70308,Bachelors,10,Divorced,Prof-specialty,Not-in-family,Asian-Pac-Islander,Male,0,0,47,United-States,>50K
31,Local-gov,358984,Assoc-acdm,9,Divorced,Sales,Not-in-family,Black,Female,0,0,24,United-States,<=50K
29,Federal-gov,56931,Masters,11,Married-civ-spouse,Adm-clerical,Own-child,Black,Female,5000,0,21,Mexico,<=50K
61,Federal-gov,23092,HS-grad,9,Divorced,Prof-specialty,Not-in-family,Asian-Pac-Islander,Male,0,0,38,Canada,<=50K
56,State-gov,249468,HS-grad,14,Married-civ-spouse,Tech-support,Own-child,White,Male,0,1000,54,Canada,<=50K
58,State-gov,25845,Bachelors,16,Divorced,Sales,Not-in-family,White,Male,10000,1000,54,United-States,<=50K
37,State-gov,131011,Bachelors,14,Divorced,Prof-specialty,Husband,White,Male,0,0,32,United-States,>50K
29,Private,307756,Assoc-acdm,15,Divorced,Prof-specialty,Not-in-family,Black,Male,0,0,32,Mexico,<=50K
39,Self-emp-not-inc,72452,Masters,12,Divorced,Tech-support,Husband,Black,Female,5000,0,59,Canada,<=50K
62,Self-emp-not-inc,316512,Assoc-acdm,13,Married-civ-spouse,Adm-clerical,Husband,White,Female,0,0,47,Canada,<=50K
41,State-gov,271634,Bachelors,15,Married-civ-spouse,Exec-managerial,Wife,Black,Male,0,0,37,India,>50K
52,Private,59531,Bachelors,8,Divorced,Tech-support,Own-child,Asian-Pac-Islander,Male,0,0,54,Mexico,<=50K
59,Self-emp-not-inc,329120,Bachelors,12,Never-married,Adm-clerical,Not-in-family,Black,Female,10000,0,35,India,>50K
50,Self-emp-not-inc,316934,Bachelors,10,Divorced,Adm-clerical,Wife,White,Male,5000,0,24,Canada,>50K
41,Self-emp-not-inc,291521,Bachelors,13,Married-civ-spouse,Adm-clerical,Own-child,White,Male,0,0,53,Canada,<=50K
65,Federal-gov,111147,Masters,14,Divorced,Adm-clerical,Wife,Asian-Pac-Islander,Male,10000,0,44,India,>50K
51,State-gov,200896,Some-college,15,Married-civ-spouse,Prof-specialty,Not-in-family,Asian-Pac-Islander,Male,5000,0,34,United-States,<=50K
50,Self-emp-not-inc,102500,Masters,13,Divorced,Tech-support,Husband,Black,Female,0,1000,50,Mexico,<=50K
31,Self-emp-not-inc,359350,Assoc-acdm,14,Never-married,Sales,Not-in-family,White,Male,0,0,56,India,<=50K
21,State-gov,114391,Bachelors,16,Married-civ-spouse,Prof-specialty,Not-in-family,Asian-Pac-Islander,Female,0,0,48,Mexico,<=50K
48,Local-gov,335012,Bachelors,10,Divorced,Sales,Wife,White,Female,5000,0,34,Mexico,<=50K
42,Self-emp-not-inc,294051,Bachelors,16,Divorced,Adm-clerical,Husband,Asian-Pac-Islander,Male,0,1000,59,United-States,<=50K
52,Private,68858,Assoc-acdm,15,Divorced,Sales,Not-in-family,Asian-Pac-Islander,Female,10000,1000,43,United-States,<=50K
62,Local-gov,140316,Assoc-acdm,15,Married-civ-spouse,Exec-managerial,Not-in-family,Black,Male,0,1000,34,United-States,<=50K
36,Federal-gov,234248,Assoc-acdm,12,Never-married,Tech-support,Not-in-family,Asian-Pac-Islander,Male,10000,0,44,India,<=50K
62,Private,101148,Masters,14,Divorced,Prof-specialty,Wife,Black,Female,10000,0,59,Canada,>50K
61,Self-emp-not-inc,236650,Some-college,16,Divorced,Adm-clerical,Husband,Black,Female,0,0,56,Canada,<=50K
63,Self-emp-not-inc,365654,Some-college,9,Divorced,Sales,Own-child,Asian-Pac-Islander,Male,0,0,52,Mexico,<=50K
39,Federal-gov,385458,Assoc-acdm,8,Never-married,Adm-clerical,Not-in-family,White,Male,5000,1000,25,United-States,<=50K
34,State-gov,61963,Bachelors,8,Divorced,Adm-clerical,Own-child,Asian-Pac-Islander,Female,10000,0,31,Mexico,<=50K
46,Self-emp-not-inc,364396,HS-grad,16,Married-civ-spouse,Sales,Not-in-family,Asian-Pac-Islander,Male,10000,0,22,Canada,<=50K
33,Self-emp-not-inc,65530,HS-grad,12,Married-civ-spouse,Exec-managerial,Own-child,Black,Male,10000,0,24,United-States,<=50K
53,Federal-gov,325624,Masters,13,Married-civ-spouse,Exec-managerial,Husband,Asian-Pac-Islander,Male,5000,1000,56,United-States,>50K
34,Local-gov,285414,Bachelors,9,Divorced,Tech-support,Wife,Black,Male,10000,0,54,Canada,<=50K
62,Local-gov,315262,Some-college,15,Never-married,Exec-managerial,Own-child,Asian-Pac-Islander,Female,10000,0,50,United-States,<=50K
34,Local-gov,352221,HS-grad,11,Divorced,Sales,Wife,Black,Female,10000,0,36,India,<=50K
36,Local-gov,373211,HS-grad,13,Never-married,Prof-specialty,Husband,Black,Female,0,0,56,Canada,<=50K
29,Local-gov,124682,Bachelors,11,Divorced,Sales,Wife,White,Male,0,0,59,Canada,<=50K
27,Private,61150,HS-grad,15,Divorced,Tech-support,Not-in-family,Black,Female,10000,0,51,Canada,<=50K
49,Federal-gov,166940,Bachelors,14,Never-married,Prof-specialty,Husband,White,Female,5000,0,52,Canada,>50K
43,Private,386081,Bachelors,16,Married-civ-spouse,Exec-managerial,Not-in-family,White,Male,5000,0,40,Canada,>50K
57,State-gov,144329,Masters,12,Married-civ-spouse,Prof-specialty,Wife,Black,Male,5000,1000,33,Mexico,<=50K
62,Local-gov,166606,Masters,15,Never-married,Prof-specialty,Husband,Asian-Pac-Islander,Male,0,0,35,Mexico,>50K
42,Self-emp-not-inc,267981,Bachelors,8,Never-married,Adm-clerical,Own-child,White,Female,5000,0,36,United-States,<=50K
43,Self-emp-not-inc,51476,HS-grad,11,Married-civ-spouse,Adm-clerical,Not-in-family,Black,Female,0,0,43,Canada,<=50K
40,Local-gov,83563,HS-grad,13,Divorced,Prof-specialty,Husband,Asian-Pac-Islander,Male,0,0,40,Mexico,<=50K
65,Private,219790,Some-college,12,Married-civ-spouse,Sales,Husband,Asian-Pac-Islander,Female,5000,1000,24,United-States,<=50K
28,Self-emp-not-inc,184354,Masters,13,Divorced,Exec-managerial,Wife,Asian-Pac-Islander,Female,0,1000,43,Mexico,<=50K
44,Private,85556,Bachelors,11,Divorced,Exec-managerial,Not-in-family,White,Male,5000,0,26,United-States,<=50K
48,Private,33822,Assoc-acdm,14,Divorced,Tech-support,Not-in-family,Black,Male,0,1000,39,India,<=50K
33,Local-gov,348456,Masters,10,Never-married,Prof-specialty,Husband,White,Male,0,0,50,Mexico,<=50K
52,Self-emp-not-inc,385755,Masters,16,Never-married,Prof-specialty,Own-child,Asian-Pac-Islander,Female,10000,0,42,Mexico,>50K
52,Local-gov,181411,Bachelors,13,Married-civ-spouse,Exec-managerial,Husband,Black,Male,0,0,42,Canada,>50K
48,Private,380589,Assoc-acdm,15,Married-civ-spouse,Exec-managerial,Not-in-family,Black,Female,10000,0,20,Canada,<=50K
30,Federal-gov,249169,Some-college,14,Never-married,Sales,Own-child,Black,Male,0,0,47,India,<=50K
51,State-gov,169252,Assoc-acdm,16,Married-civ-spouse,Adm-clerical,Husband,White,Male,0,0,27,Mexico,<=50K
57,State-gov,387249,Some-college,15,Never-married,Exec-managerial,Not-in-family,White,Male,10000,0,31,United-States,<=50K
36,Local-gov,24301,Masters,11,Never-married,Sales,Not-in-family,Black,Male,0,1000,39,Mexico,<=50K
41,Private,193145,Some-college,9,Never-married,Tech-support,Wife,Black,Male,10000,1000,31,India,<=50K
34,Private,83942,Some-college,11,Married-civ-spouse,Adm-clerical,Husband,Asian-Pac-Islander,Male,0,1000,26,India,<=50K
48,State-gov,189378,Some-college,10,Divorced,Tech-support,Not-in-family,Black,Female,0,0,43,United-States,<=50K
60,Self-emp-not-inc,351826,Bachelors,14,Married-civ-spouse,Tech-support,Husband,Black,Male,5000,0,20,United-States,>50K
55,Federal-gov,101260,Some-college,13,Never-married,Sales,Husband,Black,Male,10000,0,60,United-States,<=50K
21,Self-emp-not-inc,387697,Masters,16,Never-married,Sales,Own-child,White,Female,10000,0,48,India,<=50K
19,State-gov,399793,Some-college,10,Married-civ-spouse,Tech-support,Own-child,Asian-Pac-Islander,Female,10000,0,54,Mexico,<=50K
30,Self-emp-not-inc,305013,Assoc-acdm,13,Married-civ-spouse,Adm-clerical,Wife,Asian-Pac-Islander,Male,0,0,48,Canada,<=50K
34,State-gov,258068,Assoc-acdm,8,Divorced,Prof-specialty,Own-child,Asian-Pac-Islander,Male,0,0,59,India,<=50K
38,Federal-gov,223156,HS-grad,11,Divorced,Adm-clerical,Husband,Asian-Pac-Islander,Female,0,1000,40,United-States,<=50K
24,Private,42951,Assoc-acdm,10,Never-married,Tech-support,Husband,White,Female,0,0,22,Mexico,<=50K
60,Federal-gov,347140,Some-college,12,Never-married,Exec-managerial,Husband,Asian-Pac-Islander,Male,0,0,51,United-States,<=50K
47,State-gov,312563,HS-grad,14,Married-civ-spouse,Tech-support,Wife,Asian-Pac-Islander,Male,0,0,24,India,<=50K
51,Private,141119,HS-grad,16,Married-civ-spouse,Sales,Husband,Asian-Pac-Islander,Male,10000,0,55,Mexico,<=50K
65,Federal-gov,207675,HS-grad,15,Divorced,Adm-clerical,Not-in-family,White,Male,10000,1000,52,Canada,<=50K
60,Federal-gov,252265,Bachelors,13,Married-civ-spouse,Prof-specialty,Wife,Black,Female,5000,0,58,India,>50K
54,Self-emp-not-inc,216641,Assoc-acdm,16,Divorced,Exec-managerial,Wife,Black,Female,5000,0,22,Canada,<=50K
56,Federal-gov,90823,HS-grad,12,Never-married,Exec-managerial,Husband,White,Female,0,0,55,India,<=50K
24,Local-gov,206466,HS-grad,10,Never-married,Exec-managerial,Wife,Asian-Pac-Islander,Male,0,0,39,United-States,<=50K
54,Federal-gov,133999,Some-college,9,Divorced,Exec-managerial,Own-child,White,Female,10000,0,58,Canada,<=50K
20,Local-gov,61144,Assoc-acdm,8,Married-civ-spouse,Exec-managerial,Own-child,Black,Male,0,0,60,Mexico,<=50K
21,Federal-gov,41591,Masters,13,Divorced,Prof-specialty,Husband,Black,Male,0,0,45,Mexico,<=50K
56,Federal-gov,67229,Assoc-acdm,11,Married-civ-spouse,Exec-managerial,Own-child,White,Male,0,0,50,United-States,<=50K
53,State-gov,64605,Some-college,14,Divorced,Adm-clerical,Husband,White,Female,10000,0,51,Mexico,<=50K
59,Self-emp-not-inc,314213,Assoc-acdm,16,Never-married,Sales,Not-in-family,Black,Female,0,0,27,Mexico,<=50K
45,State-gov,200630,Masters,8,Married-civ-spouse,Sales,Wife,Asian-Pac-Islander,Female,10000,0,48,United-States,>50K
32,State-gov,101784,Bachelors,9,Never-married,Tech-support,Husband,Asian-Pac-Islander,Male,0,0,41,United-States,<=50K
37,Local-gov,31926,Some-college,13,Never-married,Prof-specialty,Husband,White,Female,10000,1000,59,India,<=50K
62,Local-gov,325662,HS-grad,16,Never-married,Exec-managerial,Husband,White,Female,0,0,23,Mexico,<=50K
59,Private,223761,HS-grad,12,Divorced,Exec-managerial,Not-in-family,White,Female,5000,0,44,United-States,<=50K
38,Federal-gov,298690,Some-college,9,Never-married,Sales,Own-child,Asian-Pac-Islander,Male,0,0,53,Canada,<=50K
39,Local-gov,102315,Some-college,8,Married-civ-spouse,Exec-managerial,Wife,Asian-Pac-Islander,Female,0,0,23,Canada,<=50K
42,Federal-gov,166902,HS-grad,11,Never-married,Exec-managerial,Own-child,Asian-Pac-Islander,Male,0,1000,53,India,<=50K
44,Local-gov,183778,Bachelors,13,Married-civ-spouse,Prof-specialty,Husband,White,Male,10000,0,28,Canada,>50K
62,Self-emp-not-inc,245477,Assoc-acdm,10,Divorced,Prof-specialty,Husband,Black,Male,10000,0,31,Canada,<=50K
27,State-gov,237076,HS-grad,14,Married-civ-spouse,Adm-clerical,Wife,White,Male,0,0,31,United-States,<=50K
57,State-gov,337511,Assoc-acdm,11,Divorced,Sales,Husband,Asian-Pac-Islander,Male,0,0,50,India,<=50K
50,Local-gov,393303,Assoc-acdm,13,Never-married,Adm-clerical,Own-child,Black,Male,0,0,34,United-States,<=50K
44,State-gov,236554,HS-grad,11,Divorced,Sales,Husband,White,Male,5000,1000,40,Mexico,<=50K
33,Local-gov,41929,Some-college,14,Divorced,Exec-managerial,Own-child,Asian-Pac-Islander,Male,10000,0,48,Mexico,<=50K
20,Federal-gov,301998,Bachelors,14,Divorced,Tech-support,Own-child,Asian-Pac-Islander,Male,0,0,48,Mexico,<=50K
37,Local-gov,174360,Masters,8,Divorced,Prof-specialty,Husband,Black,Female,0,0,31,India,>50K
43,State-gov,256394,Some-college,8,Never-married,Adm-clerical,Husband,Black,Male,0,0,30,United-States,<=50K
23,Local-gov,352436,HS-grad,13,Never-married,Prof-specialty,Own-child,Asian-Pac-Islander,Male,5000,1000,22,India,<=50K
39,Self-emp-not-inc,104999,Assoc-acdm,10,Never-married,Tech-support,Own-child,Black,Female,5000,0,60,India,<=50K
25,Self-emp-not-inc,21852,Bachelors,12,Never-married,Adm-clerical,Own-child,Black,Male,10000,1000,35,India,<=50K
55,Local-gov,235037,Some-college,15,Never-married,Prof-specialty,Not-in-family,White,Female,10000,0,23,India,<=50K
27,State-gov,39252,HS-grad,10,Never-married,Prof-specialty,Wife,Black,Male,0,0,46,India,<=50K
28,Federal-gov,366514,Masters,16,Never-married,Adm-clerical,Wife,White,Male,0,0,43,Mexico,<=50K
22,Federal-gov,54039,Some-college,12,Married-civ-spouse,Sales,Not-in-family,Asian-Pac-Islander,Female,0,1000,53,India,<=50K
62,Private,319560,Bachelors,16,Never-married,Adm-clerical,Wife,Black,Female,0,0,28,Mexico,>50K
51,Local-gov,114323,Some-college,11,Divorced,Exec-managerial,Husband,White,Male,0,1000,60,United-States,<=50K
65,Local-gov,237076,Bachelors,8,Married-civ-spouse,Exec-managerial,Husband,White,Male,0,0,24,Canada,>50K
37,Federal-gov,189829,Assoc-acdm,8,Never-married,Exec-managerial,Wife,Black,Male,0,0,41,Canada,<=50K
61,Local-gov,38642,Some-college,10,Married-civ-spouse,Sales,Own-child,Asian-Pac-Islander,Female,5000,1000,23,Canada,<=50K
54,Private,129189,Masters,13,Married-civ-spouse,Tech-support,Husband,Black,Male,0,1000,60,India,>50K
54,Local-gov,118240,Assoc-acdm,9,Married-civ-spouse,Exec-managerial,Not-in-family,Black,Female,0,1000,35,Canada,<=50K
46,State-gov,111757,Masters,9,Married-civ-spouse,Tech-support,Husband,White,Female,10000,0,50,India,<=50K
30,Local-gov,294531,Masters,12,Married-civ-spouse,Sales,Not-in-family,Asian-Pac-Islander,Male,0,0,49,Mexico,<=50K
63,Private,22154,Assoc-acdm,12,Never-married,Prof-specialty,Not-in-family,Black,Female,0,0,53,Canada,<=50K
19,State-gov,354941,Assoc-acdm,11,Married-civ-spouse,Sales,Husband,Black,Female,10000,0,48,United-States,<=50K
35,Self-emp-not-inc,163464,Bachelors,9,Never-married,Prof-specialty,Not-in-family,White,Female,10000,0,37,India,<=50K
63,Self-emp-not-inc,57351,Masters,12,Divorced,Exec-managerial,Own-child,White,Male,0,1000,23,United-States,>50K
42,Private,243590,HS-grad,14,Never-married,Prof-specialty,Own-child,Asian-Pac-Islander,Female,0,0,32,United-States,<=50K
47,Self-emp-not-inc,68714,Assoc-acdm,15,Never-married,Adm-clerical,Wife,Asian-Pac-Islander,Female,5000,0,34,India,<=50K
57,Local-gov,116129,Masters,13,Married-civ-spouse,Adm-clerical,Own-child,White,Male,5000,0,42,Mexico,>50K
47,State-gov,336900,Bachelors,10,Divorced,Tech-support,Own-child,Asian-Pac-Islander,Male,0,0,39,Mexico,<=50K
43,Local-gov,145082,Assoc-acdm,11,Divorced,Sales,Own-child,Black,Male,0,0,57,Mexico,<=50K
45,State-gov,305488,Assoc-acdm,11,Never-married,Tech-support,Own-child,White,Female,0,0,48,India,<=50K
37,Private,333660,Some-college,9,Divorced,Prof-specialty,Own-child,Black,Female,0,0,33,India,<=50K
55,Self-emp-not-inc,366492,HS-grad,10,Married-civ-spouse,Prof-specialty,Wife,Black,Female,0,0,40,Canada,<=50K
54,Local-gov,396329,Masters,13,Never-married,Prof-specialty,Not-in-family,Asian-Pac-Islander,Female,0,0,23,Canada,>50K
53,Private,388760,HS-grad,16,Married-civ-spouse,Tech-support,Wife,White,Male,5000,1000,60,Canada,<=50K
63,Local-gov,220049,Some-college,14,Divorced,Sales,Husband,Black,Male,0,1000,43,Mexico,<=50K
27,Self-emp-not-inc,90400,Masters,8,Never-married,Tech-support,Husband,Asian-Pac-Islander,Female,5000,0,25,India,<=50K
59,Local-gov,384584,Some-college,14,Divorced,Sales,Own-child,Asian-Pac-Islander,Female,10000,1000,44,Canada,<=50K
32,Local-gov,336970,Bachelors,8,Divorced,Adm-clerical,Husband,Asian-Pac-Islander,Female,5000,0,22,United-States,<=50K
54,State-gov,79330,Some-college,15,Divorced,Tech-support,Husband,Asian-Pac-Islander,Female,5000,0,53,United-States,<=50K
33,Private,378651,Some-college,16,Divorced,Exec-managerial,Not-in-family,Black,Male,5000,1000,52,Mexico,<=50K
54,State-gov,171628,Masters,10,Never-married,Prof-specialty,Wife,Asian-Pac-Islander,Female,0,1000,57,India,>50K
54,State-gov,347321,HS-grad,8,Married-civ-spouse,Adm-clerical,Not-in-family,White,Male,0,0,28,Canada,<=50K
35,Private,78484,Masters,10,Divorced,Sales,Own-child,Black,Male,0,0,51,India,<=50K
51,State-gov,64250,HS-grad,10,Divorced,Sales,Own-child,Black,Female,0,1000,60,India,<=50K
31,State-gov,48482,Assoc-acdm,12,Never-married,Tech-support,Husband,Black,Female,5000,0,50,India,<=50K
42,Local-gov,157691,Some-college,10,Divorced,Adm-clerical,Not-in-family,Black,Female,5000,0,53,United-States,<=50K
24,State-gov,246380,Assoc-acdm,12,Married-civ-spouse,Exec-managerial,Wife,White,Female,10000,1000,49,India,<=50K
64,Self-emp-not-inc,292604,Assoc-acdm,13,Divorced,Sales,Wife,Asian-Pac-Islander,Male,0,0,20,Mexico,<=50K
24,Private,379399,Assoc-acdm,15,Married-civ-spouse,Sales,Wife,Black,Male,0,0,59,United-States,<=50K
21,Self-emp-not-inc,334250,Assoc-acdm,9,Divorced,Tech-support,Not-in-family,Asian-Pac-Islander,Male,5000,0,27,India,<=50K
34,Local-gov,366280,Masters,9,Divorced,Adm-clerical,Wife,Black,Female,0,0,24,Canada,<=50K
21,Local-gov,194406,Some-college,8,Married-civ-spouse,Exec-managerial,Husband,Black,Male,5000,0,59,Mexico,<=50K
29,Private,95430,Some-college,16,Married-civ-spouse,Sales,Not-in-family,Black,Female,0,0,24,United-States,<=50K
54,Private,280938,Masters,10,Divorced,Tech-support,Not-in-family,Asian-Pac-Islander,Female,0,0,41,Mexico,>50K
54,Federal-gov,390989,HS-grad,15,Married-civ-spouse,Adm-clerical,Own-child,Asian-Pac-Islander,Male,10000,0,20,Mexico,<=50K
62,Private,317399,Some-college,16,Married-civ-spouse,Exec-managerial,Wife,Black,Male,0,0,54,Canada,<=50K
23,State-gov,359629,Some-college,11,Never-married,Prof-specialty,Not-in-family,Black,Male,0,1000,26,Canada,<=50K
49,Local-gov,119333,HS-grad,10,Never-married,Sales,Not-in-family,Asian-Pac-Islander,Male,5000,1000,24,Canada,<=50K
49,Local-gov,28607,Assoc-acdm,8,Married-civ-spouse,Tech-support,Wife,Asian-Pac-Islander,Male,5000,0,33,Mexico,<=50K
61,Self-emp-not-inc,323744,Assoc-acdm,11,Never-married,Tech-support,Husband,Black,Male,5000,0,35,India,<=50K
18,Private,181133,Bachelors,9,Married-civ-spouse,Prof-specialty,Husband,Asian-Pac-Islander,Male,0,0,51,India,<=50K
22,Local-gov,196864,Bachelors,14,Married-civ-spouse,Tech-support,Husband,Black,Male,0,0,41,United-States,<=50K
25,Self-emp-not-inc,237660,Masters,10,Divorced,Exec-managerial,Husband,Black,Male,10000,0,28,United-States,<=50K
58,Local-gov,102708,Assoc-acdm,8,Married-civ-spouse,Tech-support,Not-in-family,White,Male,0,0,46,Mexico,<=50K
62,State-gov,294248,Bachelors,15,Married-civ-spouse,Sales,Husband,Asian-Pac-Islander,Male,10000,0,51,United-States,<=50K
58,Private,312400,Masters,11,Never-married,Tech-support,Not-in-family,Asian-Pac-Islander,Female,10000,0,49,India,>50K
35,Self-emp-not-inc,79076,HS-grad,10,Divorced,Adm-clerical,Own-child,White,Male,0,0,43,Canada,<=50K
31,State-gov,195266,Some-college,15,Never-married,Tech-support,Not-in-family,Asian-Pac-Islander,Male,0,0,51,United-States,<=50K
22,Local-gov,330748,Bachelors,13,Married-civ-spouse,Sales,Wife,White,Male,0,0,26,India,<=50K
65,Self-emp-not-inc,216887,Some-college,11,Never-married,Adm-clerical,Own-child,White,Female,0,0,59,Mexico,<=50K
29,State-gov,91515,Some-college,15,Divorced,Sales,Wife,Black,Male,0,0,22,United-States,<=50K
35,Private,264074,Bachelors,15,Married-civ-spouse,Sales,Wife,White,Female,10000,0,60,India,<=50K
54,Self-emp-not-inc,65337,Assoc-acdm,14,Divorced,Adm-clerical,Husband,Asian-Pac-Islander,Female,5000,0,20,Mexico,<=50K
65,Local-gov,323807,Bachelors,11,Divorced,Sales,Not-in-family,Black,Male,0,1000,52,United-States,<=50K
45,Local-gov,271275,Assoc-acdm,9,Married-civ-spouse,Adm-clerical,Husband,White,Male,5000,0,28,Canada,<=50K
36,Private,28351,Bachelors,15,Divorced,Exec-managerial,Husband,Asian-Pac-Islander,Female,10000,0,49,Mexico,>50K
26,Self-emp-not-inc,214207,Some-college,15,Divorced,Tech-support,Not-in-family,Black,Female,10000,0,38,Mexico,<=50K
35,Federal-gov,321585,Assoc-acdm,11,Divorced,Tech-support,Wife,Asian-Pac-Islander,Male,10000,0,23,United-States,<=50K
42,Private,211664,Masters,13,Never-married,Prof-specialty,Not-in-family,Asian-Pac-Islander,Male,0,0,35,United-States,>50K
59,Federal-gov,388492,Some-college,11,Divorced,Sales,Wife,Black,Female,10000,1000,37,United-States,<=50K
22,State-gov,257193,Masters,15,Divorced,Prof-specialty,Not-in-family,Black,Female,5000,0,24,India,<=50K
47,Private,224830,HS-grad,10,Married-civ-spouse,Tech-support,Not-in-family,White,Female,0,0,51,India,<=50K
31,Private,173705,Assoc-acdm,14,Divorced,Prof-specialty,Husband,Black,Female,5000,1000,21,Canada,<=50K
30,Private,141806,HS-grad,16,Divorced,Exec-managerial,Own-child,Asian-Pac-Islander,Female,0,1000,57,Mexico,<=50K
47,State-gov,110039,Masters,12,Never-married,Adm-clerical,Wife,Black,Male,0,0,38,Mexico,>50K
28,Self-emp-not-inc,393194,Assoc-acdm,16,Married-civ-spouse,Sales,Husband,Asian-Pac-Islander,Male,0,0,27,United-States,<=50K
38,Self-emp-not-inc,251152,Assoc-acdm,12,Married-civ-spouse,Sales,Husband,Asian-Pac-Islander,Male,0,0,29,Canada,<=50K
46,Self-emp-not-inc,299782,Assoc-acdm,12,Never-married,Tech-support,Own-child,Black,Male,5000,0,29,United-States,<=50K
65,Federal-gov,193686,Assoc-acdm,12,Married-civ-spouse,Exec-managerial,Husband,Asian-Pac-Islander,Female,0,0,50,United-States,<=50K
26,Private,181523,Assoc-acdm,8,Married-civ-spouse,Prof-specialty,Husband,Black,Female,0,0,23,India,<=50K
55,Self-emp-not-inc,165713,Assoc-acdm,11,Never-married,Tech-support,Own-child,Asian-Pac-Islander,Male,10000,1000,32,Mexico,<=50K
